commit_hash,package_name,pname,version,fetcher_type,fetcher_content,package_file
70f8fa6e126842d93425e7828fda35cff28463eb,drawy,drawy,1.0.0-alpha-unstable-2025-11-17,fetchFromGitHub,"fetchFromGitHub {
    owner = ""Prayag2"";
    repo = ""drawy"";
    rev = ""ca02b66a9615c45c78f2e29839a40c1e5bf8f71c"";
    hash = ""sha256-PzIeyhF/1wKD6JyybNRzruuxzSKJZvIq+L7X0rrcQUY="";
  }",pkgs/by-name/dr/drawy/package.nix
9fd7bd516cc47d6bf857d4977d9b6d837a5b172b,ocb,ocb,0.2,fetchFromGitHub,"fetchFromGitHub {
    owner = ""ocamlpro"";
    repo = ""ocb"";
    tag = finalAttrs.version;
    hash = ""sha256-LbAeeaPsOGd1w0I5YFrgRyFKKwIkYjMaRo2G1JUEado="";
  }",pkgs/development/ocaml-modules/ocb/default.nix
5d3dca8f2eb235617820e2d4588c287a64453b59,ekey-bionyxpy,ekey-bionyxpy,1.0.0,fetchFromGitHub,"fetchFromGitHub {
    owner = ""richardpolzer"";
    repo = ""ekey-bionyx-api"";
    tag = version;
    hash = ""sha256-wKgIQp+E1fzOrp2Xx14RXvtxQMOb0rFkI55q2Rw+JNg="";
  }",pkgs/development/python-modules/ekey-bionyxpy/default.nix
9d5824e6a770a5846713226a8e84ab5fb5cf8997,hyprwire,hyprwire,0.1.0,fetchFromGitHub,"fetchFromGitHub {
    owner = ""hyprwm"";
    repo = ""hyprwire"";
    tag = ""v${finalAttrs.version}"";
    hash = ""sha256-84KqFPakU1Pv7axkwbSi1D5XssSHIW8B2xduOUq5Mw4="";
  }",pkgs/by-name/hy/hyprwire/package.nix
80323062f8e966ed6401a1e4deaeca85ab9a116d,hyprtoolkit,hyprtoolkit,0.1.0,fetchFromGitHub,"fetchFromGitHub {
    owner = ""hyprwm"";
    repo = ""hyprtoolkit"";
    tag = ""v${finalAttrs.version}"";
    hash = ""sha256-AQCTRH8VsrHzOHL0ueXt/6OQtSSfZbT3XUBI4sq8rx4="";
  }",pkgs/by-name/hy/hyprtoolkit/package.nix
bea5958c63ff1df0d34c7a804691299f7fcb181e,ptcpdump,ptcpdump,0.37.0,fetchFromGitHub,"fetchFromGitHub {
    owner = ""mozillazg"";
    repo = ""ptcpdump"";
    tag = ""v${finalAttr.version}"";
    hash = ""sha256-ouH7VFWSCOElbmbSWAkmM4dtNVp545mC/FnoNAFtaEw="";
  }",pkgs/by-name/pt/ptcpdump/package.nix
a5140ab27c95319aebaded41b1ebc7ed04530cda,elkoep-aio-mqtt,elkoep-aio-mqtt,0.1.0.beta.4,fetchFromGitHub,"fetchFromGitHub {
    owner = ""epdevlab"";
    repo = ""elkoep-aio-mqtt"";
    tag = ""0.1.0.beta.4"";
    hash = ""sha256-pQzM0wLLZk6cEizhDqLbVF4pMeyefgSUU0ay3CiGgAE="";
  }",pkgs/development/python-modules/elkoep-aio-mqtt/default.nix
9faec8f5cedbdec251314cd09d531f6820f4b519,pascube,pascube,1.5.1,fetchFromGitHub,"fetchFromGitHub {
    owner = ""benjamimgois"";
    repo = ""pascube"";
    tag = ""v${finalAttrs.version}"";
    hash = ""sha256-djkrMgX3RTTXSLISYpBfdyCIh3/WWODxd473M53iFKE="";
  }",pkgs/by-name/pa/pascube/package.nix
9988c02d49afbad15082a58129075a8c47e4ae67,types-webencodings,types-webencodings,0.5.0.20251108,fetchPypi,"fetchPypi {
    pname = ""types_webencodings"";
    inherit version;
    hash = ""sha256-I3jizszO09QbteITh1hue1MF4RUZ/GsGWcYp8jsuXeQ="";
  }",pkgs/development/python-modules/types-webencodings/default.nix
9ee6854ce0b42e9d050b447dac5eb7bf7bef2de8,chatlas,chatlas,0.13.2,fetchFromGitHub,"fetchFromGitHub {
    owner = ""posit-dev"";
    repo = ""chatlas"";
    tag = ""v${version}"";
    hash = ""sha256-uCgpNvDJZKwxX4HYF8tyvJ1AiQLmybuxrZkYK/u5xlg="";
  }",pkgs/development/python-modules/chatlas/default.nix
eb10ce12a24a5885051617a2243c8ea96c26b7b6,dataconf,dataconf,3.6.0,fetchPypi,"fetchPypi {
    inherit pname version;
    hash = ""sha256-hcZi8n290GZkgIM074Z1Ne2gOS5WDmX8fPR+BJGZyzU="";
  }",pkgs/development/python-modules/dataconf/default.nix
d2d197b954393044669872a031e8061f688b9a0d,pytest-gitconfig,pytest-gitconfig,0.8.0,fetchFromGitHub,"fetchFromGitHub {
    owner = ""noirbizarre"";
    repo = ""pytest-gitconfig"";
    tag = version;
    hash = ""sha256-5DfG74mEvsWHH2xPyG1mNcWp9/DgpveLbaSEOoRzD+g="";
  }",pkgs/development/python-modules/pytest-gitconfig/default.nix
899d61fe3171696d154b6abedae59ad13af7ec9a,uncompresspy,uncompresspy,0.4.1,fetchPypi,"fetchPypi {
    inherit pname version;
    hash = ""sha256-556tZurtjUI2TYB8C6PzqK7w4Ah6m+rxpg8jqAimwUc="";
  }",pkgs/development/python-modules/uncompresspy/default.nix
63c81066c92412a7faad0a95ec3097a844387b8c,pycrdt-store,pycrdt-store,0.1.3b1,fetchFromGitHub,"fetchFromGitHub {
    owner = ""y-crdt"";
    repo = ""pycrdt-store"";
    tag = version;
    hash = ""sha256-UMLR30PqtPUlD6z7VTPl7ZkSSw4HkmO5bUa/lSeFFoE="";
  }",pkgs/development/python-modules/pycrdt-store/default.nix
3d0f4ee9dd2e1b43764028e2469cbd4f24ebb05d,types-mysqlclient,types-mysqlclient,2.2.0.20250915,fetchPypi,"fetchPypi {
    inherit version;
    pname = ""types_mysqlclient"";
    hash = ""sha256-/nCJOVm6w38Xry/MDKGvoXtxRpg+HGzAM2oTFAzO/I0="";
  }",pkgs/development/python-modules/types-mysqlclient/default.nix
d829874e1f5e806e648f8c02e51ef1ce03944463,reddix,reddix,0.2.9,fetchFromGitHub,"fetchFromGitHub {
    owner = ""ck-zhang"";
    repo = ""reddix"";
    tag = ""v${finalAttrs.version}"";
    hash = ""sha256-4MKRzqsTJxtiAGCvQdAAIMbAcXKwkIth1g1uvQuGXso="";
  }",pkgs/by-name/re/reddix/package.nix
92ea220f1747c23729bcaf3c0def42094a0a4e8d,django-modelsearch,modelsearch,1.1.1,fetchFromGitHub,"fetchFromGitHub {
    owner = ""wagtail"";
    repo = ""django-modelsearch"";
    tag = ""v${version}"";
    hash = ""sha256-tjwVepI9mdrMbTtxfe6yNUrSHWKndGxv2lJ8AfyNcr0="";
  }",pkgs/development/python-modules/django-modelsearch/default.nix
0d3036c38f5f7cc191d4238f50145a554554745d,fava-dashboards,fava-dashboards,1.2.0,fetchFromGitHub,"fetchFromGitHub {
    owner = ""andreasgerstmayr"";
    repo = ""fava-dashboards"";
    rev = ""v${version}"";
    hash = ""sha256-0524Mx93bJ4DKTb3gYps+C7dzhzuNd7YIvqeCtZz2f0="";
  }",pkgs/development/python-modules/fava-dashboards/default.nix
c2247d3f04fe4da90a09244acc1df2f8b3dd6cfa,temporal_capi,temporal_capi,0.1.2,fetchFromGitHub,"fetchFromGitHub {
    owner = ""boa-dev"";
    repo = ""temporal"";
    tag = ""v${finalAttrs.version}"";
    hash = ""sha256-JmNYoskoQZewmWAU/SUBdjKdN+pnpMdLZUVv+jysS5A="";
  }",pkgs/by-name/te/temporal_capi/package.nix
6154b41419f3fc076ac65827d432842bc03fb66a,emmy-lua-code-style,emmy-lua-code-style,1.5.7,fetchFromGitHub,"fetchFromGitHub {
    owner = ""CppCXY"";
    repo = ""EmmyLuaCodeStyle"";
    tag = self.version;
    hash = ""sha256-Lzh4ruyrWRTwU95iTMQozpLT5w92owHsDQM874XIuOg="";
  }",pkgs/by-name/em/emmy-lua-code-style/package.nix
8833a572c2c2a8abfffbe35ad7f0a79293f61fa5,django-probes,django-probes,1.7.0,fetchFromGitHub,"fetchFromGitHub {
    owner = ""painless-software"";
    repo = ""django-probes"";
    rev = version;
    hash = ""sha256-n3GI7fNxZkR0ZrI843q0EjkSfSK4LpUox09FFpigJY8="";
  }",pkgs/development/python-modules/django-probes/default.nix
ee9e18e982b829cefba04b2037ea61f18731f1d0,django-agnocomplete,django-agnocomplete,2.2.0,fetchFromGitHub,"fetchFromGitHub {
    owner = ""peopledoc"";
    repo = ""django-agnocomplete"";
    rev = version;
    hash = ""sha256-SDuLJM/ZvROkBOSbaVi6FMDRcR5Um4UrdPSq1ZMrlXM="";
  }",pkgs/development/python-modules/django-agnocomplete/default.nix
5fc0dd04b662fa951ca05160e01b1ea0ae07aaef,mangowc,mangowc,0.10.5,fetchFromGitHub,"fetchFromGitHub {
    owner = ""DreamMaoMao"";
    repo = ""mangowc"";
    tag = finalAttrs.version;
    hash = ""sha256-ZESyUtCiIQh6R0VYAo8YaP95Damw3MJVvKy5qU3pgTA="";
  }",pkgs/by-name/ma/mangowc/package.nix
b2155863011ace4c0f3960509f98e45a34b67fde,lenspect,lenspect,1.0.2,fetchFromGitHub,"fetchFromGitHub {
    owner = ""vmkspv"";
    repo = ""lenspect"";
    tag = ""v${version}"";
    hash = ""sha256-R3Y1t4qEXY7zuYZENzwiAoW1fDEN/YiatnFLPUOeRUE="";
  }",pkgs/by-name/le/lenspect/package.nix
0c70fde0754f0346340f5c580d749a6023eb0190,togrill-bluetooth,togrill-bluetooth,0.8.0,fetchFromGitHub,"fetchFromGitHub {
    owner = ""elupus"";
    repo = ""togrill-bluetooth"";
    tag = version;
    hash = ""sha256-aBuWy8tG722yLzUS62yGdXcETGuH+dX9XVi/qMwEiVg="";
  }",pkgs/development/python-modules/togrill-bluetooth/default.nix
6b9a10f4b22ba7862d127ce26f7e26af4093e139,pandoc-ext-diagram,pandoc-ext-diagram,1.2.0,fetchFromGitHub,"fetchFromGitHub {
    owner = ""pandoc-ext"";
    repo = ""diagram"";
    tag = ""v1.2.0"";
    hash = ""sha256-NuHru6uYewuFksWGlWkvQRc6NDC5S4mnnmJlDQbVF+c="";
  }",pkgs/by-name/pa/pandoc-ext-diagram/package.nix
8f266606a458f30cb09ac4fed3f97a954301323f,xapp-symbolic-icons,xapp-symbolic-icons,1.0.1,fetchFromGitHub,"fetchFromGitHub {
    owner = ""xapp-project"";
    repo = ""xapp-symbolic-icons"";
    tag = finalAttrs.version;
    hash = ""sha256-TOSbEcxYXuUtc0RC1Seva8uqF5qveVRq2dpG0BZmCK0="";
  }",pkgs/by-name/xa/xapp-symbolic-icons/package.nix
845bb0154c4a8f7847f5502297c8ed249714c18e,zlsplitter,zlsplitter,0.2.0,fetchFromGitHub,"fetchFromGitHub {
    owner = ""ZL-Audio"";
    repo = ""ZLSplitter"";
    tag = ""${finalAttrs.version}"";
    hash = ""sha256-8a/t1yJG5CUr4udnKIy80exQejDy0HzOi7uMjelPldg="";
    fetchSubmodules = true;
  }",pkgs/by-name/zl/zlsplitter/package.nix
97abff668dccb48de27d82961947062e257b3820,zlcompressor,zlcompressor,0.2.1,fetchFromGitHub,"fetchFromGitHub {
    owner = ""ZL-Audio"";
    repo = ""ZLCompressor"";
    tag = ""${finalAttrs.version}"";
    hash = ""sha256-0Z29+jLtAtThFaVVqvuqUJkj1VRI69WOvIbEfE45db4="";
    fetchSubmodules = true;
  }",pkgs/by-name/zl/zlcompressor/package.nix
77aa2ebe23f31354782cc6cfdd3facb8a6dde793,zlequalizer,zlequalizer,1.0.0,fetchFromGitHub,"fetchFromGitHub {
    owner = ""ZL-Audio"";
    repo = ""ZLEqualizer"";
    tag = ""${finalAttrs.version}"";
    hash = ""sha256-9TmvjBXTrvR0+qnGDFhCczanxiry3d43QVn/pJLUREY="";
    fetchSubmodules = true;
  }",pkgs/by-name/zl/zlequalizer/package.nix
26e8367950484dda0537b1855b5acbf2b600b7b6,zzz,zzz,0.2.0,fetchFromGitHub,"fetchFromGitHub {
    owner = ""jirutka"";
    repo = ""zzz"";
    tag = ""v${version}"";
    hash = ""sha256-gm/fzhgGM2kns051PKY223uesctvMj9LmLc4btUsTt8="";
  }",pkgs/by-name/zz/zzz/package.nix
6badb0af390695d5526ca5574d1fd1c83c3e895b,xleak,xleak,0.1.0,fetchFromGitHub,"fetchFromGitHub {
    owner = ""bgreenwell"";
    repo = ""xleak"";
    tag = ""v${finalAttrs.version}"";
    hash = ""sha256-n9AFNGr5kRbQr2P/6QFT0KkuiE6KPun1FZjwrq2iQZs="";
  }",pkgs/by-name/xl/xleak/package.nix
9595f50ed7005ad80fa83c8fb332f4868e139659,azure-mgmt-hybridcompute,azure-mgmt-hybridcompute,9.1.0b2,fetchPypi,"fetchPypi {
    pname = ""azure_mgmt_hybridcompute"";
    inherit version;
    format = ""wheel"";
    python = ""py3"";
    dist = ""py3"";
    hash = ""sha256-bKv4A6PjN6fMpyso0JqewADcKGOK1wXlULtkZpzrilY="";
  }",pkgs/development/python-modules/azure-mgmt-hybridcompute/default.nix
c1849365d4ad7a2013b87f73040c3792f2d2137a,azure-mgmt-dashboard,azure-mgmt-dashboard,1.1.0,fetchPypi,"fetchPypi {
    pname = ""azure_mgmt_dashboard"";
    inherit version;
    format = ""wheel"";
    python = ""py3"";
    dist = ""py3"";
    hash = ""sha256-WoZW5p30f0mrmMyhD68nxqlGrTtUU93V167B8wZitdA="";
  }",pkgs/development/python-modules/azure-mgmt-dashboard/default.nix
c57b53cc5857139f801e827a323d0d655d2a84e8,torchdata,torchdata,0.11.0,fetchFromGitHub,"fetchFromGitHub {
    owner = ""meta-pytorch"";
    repo = ""data"";
    tag = ""v${version}"";
    hash = ""sha256-TSkZLL4WDSacuX4tl0+1bKSJCRI3LEhAyU3ztdlUvgk="";
  }",pkgs/development/python-modules/torchdata/default.nix
dd84201d6e44c19197357452f58f7603ee677a91,in-toto-attestation,in-toto-attestation,0.9.3,fetchPypi,"fetchPypi {
    pname = ""in_toto_attestation"";
    inherit version;
    hash = ""sha256-zAz5dBfZSVO5/ubp1BWhHFm01HzuTxN0b/6TWyjj6MQ="";
  }",pkgs/development/python-modules/in-toto-attestation/default.nix
d263b03d7e6b5900bfce1bc41a2117190fb4bf2b,nebula-lighthouse-service,nebula-lighthouse-service,2.0.0,fetchFromGitHub,"fetchFromGitHub {
    owner = ""manuels"";
    repo = ""nebula-lighthouse-service"";
    tag = ""v${version}"";
    hash = ""sha256-cRwmOGuPEYlURVbaf9AwaSmhvUzzZvATv5RGPUztnbY="";
  }",pkgs/by-name/ne/nebula-lighthouse-service/package.nix
a38994a0b1f70cd2f507ccab1a45de1f3161e11a,tzpfms,tzpfms,0.4.1,fetchFromSourcehut,"fetchFromSourcehut {
    owner = ""~nabijaczleweli"";
    repo = ""tzpfms"";
    rev = ""v${finalPackage.version}"";
    hash = ""sha256-DHmJpfURyFPeOWxIkfwn4f0n2WeDYErevC1gY2oM3Vg="";
  }",pkgs/by-name/tz/tzpfms/package.nix
d3e6a340d967260efae964e95b2f36cbfb9dd5e2,qbootctl,qbootctl,0.2.2,fetchFromGitHub,"fetchFromGitHub {
    owner = ""linux-msm"";
    repo = ""qbootctl"";
    tag = finalAttrs.version;
    hash = ""sha256-lpDCU9RJ4pK/qX4dEFfOCEdsF7l4Z/J8wzWMD4orFQY="";
  }",pkgs/by-name/qb/qbootctl/package.nix
9e687756127c607992461d76afbcc295685263b2,ssh-vault,ssh-vault,1.1.4,fetchFromGitHub,"fetchFromGitHub {
    owner = ""ssh-vault"";
    repo = ""ssh-vault"";
    tag = finalAttrs.version;
    hash = ""sha256-qAALDpspHR2pHo8T1QgHrazO128u9CqoibwIzmgAj1s="";
  }",pkgs/by-name/ss/ssh-vault/package.nix
58cf99cf02fe1669be0eb6769ae8032f6b502a1e,vmas,vmas,1.5.2,fetchFromGitHub,"fetchFromGitHub {
    owner = ""proroklab"";
    repo = ""VectorizedMultiAgentSimulator"";
    tag = version;
    hash = ""sha256-i1dr65IPIOGAH/1jXS7+PnxJzl986+fGB7M4ydisIrs="";
  }",pkgs/development/python-modules/vmas/default.nix
fdeef40d0bf3a6a1308fe72a5c553216d6dd50ce,mkdocs-section-index,mkdocs-section-index,0.3.10,fetchFromGitHub,"fetchFromGitHub {
    owner = ""oprypin"";
    repo = ""mkdocs-section-index"";
    tag = ""v${version}"";
    hash = ""sha256-cw/a17xliK68vStC20f+IHI3nQl1/s/lIIj1tyQJti0="";
  }",pkgs/development/python-modules/mkdocs-section-index/default.nix
c5c94172d9f1906d7790d0317a9b51af482ab260,mkdocs-literate-nav,mkdocs-literate-nav,0.6.2,fetchFromGitHub,"fetchFromGitHub {
    owner = ""oprypin"";
    repo = ""mkdocs-literate-nav"";
    tag = ""v${version}"";
    hash = ""sha256-WP8VqiD/Kqswh1TWhSBsNfxn3gxKlRlg6RvGayAdQto="";
  }",pkgs/development/python-modules/mkdocs-literate-nav/default.nix
1974ddaa3b251de56832923bc90dc456e4a5918e,ocaml-pds,ocaml-pds,6.55,fetchhg,"fetchhg {
    url = ""https://hg.sr.ht/~mmatalka/pds"";
    rev = finalAttrs.version;
    sha256 = ""sha256-a6sMFzAwqLsLOq75JTyFxZiXuQvmOZG0bPzPehzLcws="";
  }",pkgs/by-name/oc/ocaml-pds/package.nix
df3b829c1acfef52eb85fa40fd4f80afe5466624,xsdata-pydantic,xsdata-pydantic,24.5,fetchFromGitHub,"fetchFromGitHub {
    owner = ""tefra"";
    repo = ""xsdata-pydantic"";
    tag = ""v${version}"";
    hash = ""sha256-ExgAXQRNfGQRSZdMuWc8ldJPqz+3c4Imgu75KXLXHNk="";
  }",pkgs/development/python-modules/xsdata-pydantic/default.nix
179c5fff05aea1f3976524de71b8f726c6c2aa9e,pygpoabuse,pygpoabuse,0-unstable-2025-11-09,fetchFromGitHub,"fetchFromGitHub {
    owner = ""Hackndo"";
    repo = ""pyGPOAbuse"";
    rev = ""324a3c3075a7a6a5364b3cb8b3d2e0b755be9c76"";
    hash = ""sha256-DNdKKxE8UACZ5oEZ2iKuNvFrmpz+RCTYI0O5pCa5jIU="";
  }",pkgs/by-name/py/pygpoabuse/package.nix
44abfc6fbf78df3ba959e2fc1771f41c70dd8e63,ddcutil-service,ddcutil-service,1.0.14,fetchFromGitHub,"fetchFromGitHub {
    owner = ""digitaltrails"";
    repo = ""ddcutil-service"";
    rev = ""v${finalAttrs.version}"";
    hash = ""sha256-IZ6s9z0zxMZT7qd+yuQJGLnKc1WISIvhJlIGsM/Dw3w="";
  }",pkgs/by-name/dd/ddcutil-service/package.nix
bb2404ae7f4d1a8d89afe2890b91ffa10aa22be5,edge-tts,edge-tts,7.2.3,fetchFromGitHub,"fetchFromGitHub {
    owner = ""rany2"";
    repo = ""edge-tts"";
    tag = version;
    hash = ""sha256-JnwfvSa60oEbSEyD6q88Ey6IyGOwVWO0T75VrUKZmos="";
  }",pkgs/development/python-modules/edge-tts/default.nix
dd23f0d9dca712722e9ff8db870761c24513c907,protorpc,protorpc,1.1.2,fetchFromGitHub,"fetchFromGitHub {
    owner = ""chai2010"";
    repo = ""protorpc"";
    tag = ""v${finalAttrs.version}"";
    hash = ""sha256-yu4aSWM0TNnGGLAA6NApMekHMi6e+McGRndi8ptdXfY="";
  }",pkgs/by-name/pr/protorpc/package.nix
f640ab99a9d1368af30c181957d9b88693c6aa14,qusb2snes,qusb2snes,0.7.35,fetchFromGitHub,"fetchFromGitHub {
    owner = ""Skarsnik"";
    repo = ""QUsb2snes"";
    tag = ""v${version}"";
    fetchSubmodules = true;
    hash = ""sha256-521L4awWr4L2W12vAZUMheq4plXUXKYo4d3S6AfHgPA="";
  }",pkgs/by-name/qu/qusb2snes/package.nix
fa819afd505d9d7dbadf79d62ac7ab9d751896ce,evil-winrm-py,evil-winrm-py,1.5.0,fetchFromGitHub,"fetchFromGitHub {
    owner = ""adityatelange"";
    repo = ""evil-winrm-py"";
    tag = ""v${version}"";
    hash = ""sha256-IACFPPlkgyJh78p6Jy740CQqcySkMTV/8VVPSRJKTPI="";
  }",pkgs/by-name/ev/evil-winrm-py/package.nix
29121bd2f0a0fa528c0116c2f9a74df9aa9966a0,treemd,treemd,0.1.2,fetchFromGitHub,"fetchFromGitHub {
    owner = ""Epistates"";
    repo = ""treemd"";
    tag = ""v${finalAttrs.version}"";
    hash = ""sha256-PloG2eYelsp0Y3bG2ZNgSuwwPnKufBWwLW2TMQBGu1M="";
  }",pkgs/by-name/tr/treemd/package.nix
a494f3723eb1b7f61e81e5c97d0e3b6dd218eec6,duat,duat,0.7.7,fetchFromGitHub,"fetchFromGitHub {
    owner = ""AhoyISki"";
    repo = ""duat"";
    tag = ""v${finalAttrs.version}"";
    hash = ""sha256-Q8HeUN6JeT0OktOrmX3/ohUxCUvbEnlYKukFmtuuA44="";
  }",pkgs/by-name/du/duat/package.nix
b3605e26ae5becc3706698342bde34b5ffc54dbf,uni-algo,uni-algo,1.2.0,fetchFromGitHub,"fetchFromGitHub {
    owner = ""uni-algo"";
    repo = ""uni-algo"";
    tag = ""v${finalAttrs.version}"";
    hash = ""sha256-IyQrL/DWDj87GplSGJC4iQJAzNURLh9TRko5l+EIfuU="";
  }",pkgs/by-name/un/uni-algo/package.nix
3974c53827d125d006662ea3ccda8391b9a11932,croncpp,croncpp,2023.03.30,fetchFromGitHub,"fetchFromGitHub {
    owner = ""mariusbancila"";
    repo = ""croncpp"";
    tag = ""v${finalAttrs.version}"";
    hash = ""sha256-SBjNzy54OGEMemBp+c1gaH90Dc7ySL915z4E64cBWTI="";
  }",pkgs/by-name/cr/croncpp/package.nix
3028f38efb536d6ed0cba051db966893806e8d4f,regex-tui,regex-tui,0.2.0,fetchFromGitHub,"fetchFromGitHub {
    owner = ""vitor-mariano"";
    repo = ""regex-tui"";
    tag = ""v${finalAttrs.version}"";
    hash = ""sha256-iBlvgFEjfyVL5kfI02UZ+gCLLSNMQte5xU9kcNby4GU="";
  }",pkgs/by-name/re/regex-tui/package.nix
2c51fdcfe3a683b665d80ae703d3d322e0032675,prmt,prmt,0.1.7,fetchFromGitHub,"fetchFromGitHub {
    repo = ""prmt"";
    owner = ""3axap4eHko"";
    tag = ""v${finalAttrs.version}"";
    hash = ""sha256-CLSBthofkVdNE/ayecTRLtFDxtGesDuEGw1/Jutpu+c="";
  }",pkgs/by-name/pr/prmt/package.nix
ab2f82d14e6ad651dd404304c6936f781d9a275b,millisecond,millisecond,0.2.0,fetchFromGitHub,"fetchFromGitHub {
    owner = ""gaheldev"";
    repo = ""Millisecond"";
    tag = ""v${finalAttrs.version}"";
    hash = ""sha256-SMGcSlbOfBX5gAwB7CaHRthf9EN5QWAN9ZzrcbQXtm8="";
  }",pkgs/by-name/mi/millisecond/package.nix
f9a2957d688f131ea888ad859a99f7e09da1a8ee,cucumber-expressions,cucumber-expressions,18.0.1,fetchFromGitHub,"fetchFromGitHub {
    owner = ""cucumber"";
    repo = ""cucumber-expressions"";
    tag = ""v${version}"";
    hash = ""sha256-Mbf7bG7NvKFdv6kYPkd6UlPDJGjnK2GPl0qnLUhQ3es="";
  }",pkgs/development/python-modules/cucumber-expressions/default.nix
e859fbd5f11088f286c8cec181e8c74189366c26,unidns,unidns,0.0.4,fetchFromGitHub,"fetchFromGitHub {
    owner = ""skelsec"";
    repo = ""unidns"";
    tag = version;
    hash = ""sha256-uhTb27HeBaoI4yURpNf1+D6bWIXSsmYzUyk0RJmgbjQ="";
  }",pkgs/development/python-modules/unidns/default.nix
04a35bc5efea0e39ad732692ed9c5e93bdfaaa8b,nonestorage,nonestorage,0.1.0,fetchFromGitHub,"fetchFromGitHub {
    owner = ""nonebot"";
    repo = ""nonestorage"";
    tag = ""v${version}"";
    hash = ""sha256-Y8Ywpp5/FRT8jIhSaMtuzMXs3UJROh5SrFdIZD7ysBA="";
  }",pkgs/development/python-modules/nonestorage/default.nix
e110e409abbba6ff7dd76ed0115fb91fd42789a6,toml-test,toml-test,1.6.0,fetchFromGitHub,"fetchFromGitHub {
    owner = ""toml-lang"";
    repo = ""toml-test"";
    tag = ""v${finalAttrs.version}"";
    hash = ""sha256-jOFkSEDNvvx8svgyYYpAbveQsclMsQRKJ2ocA6ty1Kw="";
  }",pkgs/by-name/to/toml-test/package.nix
25961a9e31c8ef7337773b7bde6eaf97e55ea6ae,lance-namespace-urllib3-client,lance-namespace,0.0.20,fetchFromGitHub,"fetchFromGitHub {
    owner = ""lancedb"";
    repo = ""lance-namespace"";
    tag = ""v${version}"";
    hash = ""sha256-dacYNbWXlV6+/klb9/rgbG/2YJ5BAw5xeSZbPvDgRb4="";
  }",pkgs/development/python-modules/lance-namespace-urllib3-client/default.nix
85ca7f0e532b88266e48696131d393cd88525631,hive-metastore-client,hive-metastore-client,1.0.9,fetchFromGitHub,"fetchFromGitHub {
    owner = ""quintoandar"";
    repo = ""hive-metastore-client"";
    tag = version;
    hash = ""sha256-IejsiC1eDNa6fjpQPhLNkMvZpyr9QsQdGBfhev1jEyg="";
  }",pkgs/development/python-modules/hive-metastore-client/default.nix
5d3f02782f216ef4f3431c459b5c9c1aaa3f77e8,microhs,microhs,0.14.21.0,fetchFromGitHub,"fetchFromGitHub {
    owner = ""augustss"";
    repo = ""MicroHs"";
    tag = ""v${finalAttrs.version}"";
    hash = ""sha256-Tq8fjI3LCP4NWrmbMP0xyhY2fjRmsMCEvgfDQ/SB5Bo="";
  }",pkgs/by-name/mi/microhs/package.nix
a4ccb68d0150f96ba4c850247513845102b6c9b8,solaredge-web,solaredge-web,0.0.1,fetchFromGitHub,"fetchFromGitHub {
    owner = ""Solarlibs"";
    repo = ""solaredge-web"";
    tag = ""v${version}"";
    hash = ""sha256-Vf/f5NDmjsKY8F5//8uAk+dJEaku94yjNaD2XyX7Vuk="";
  }",pkgs/development/python-modules/solaredge-web/default.nix
4328c8f8f5eec1eeda741a15dbdeb82928e911d0,python-citybikes,python-citybikes,0.3.3,fetchFromGitHub,"fetchFromGitHub {
    owner = ""eskerda"";
    repo = ""python-citybikes"";
    tag = version;
    hash = ""sha256-it/QCUwNc6g88IrtMTS8wr/t4Apb2ovSheufOnu4fCM="";
  }",pkgs/development/python-modules/python-citybikes/default.nix
4519fa6c761cb4efb16bbbc384c863e887cf1175,pysrdaligateway,pysrdaligateway,0.15.1,fetchFromGitHub,"fetchFromGitHub {
    owner = ""maginawin"";
    repo = ""PySrDaliGateway"";
    tag = ""v${version}"";
    hash = ""sha256-qPZxcGDSToFkkXBJKxo9OkcTBr4TZ9cFrcQwBTwKfy8="";
  }",pkgs/development/python-modules/pysrdaligateway/default.nix
6795a283dd3aa1932d961f409b7086d4bf823a14,pynintendoparental,pynintendoparental,1.1.3,fetchFromGitHub,"fetchFromGitHub {
    owner = ""pantherale0"";
    repo = ""pynintendoparental"";
    tag = version;
    hash = ""sha256-mH34BcbK3qyB2sAmVyAQz6GhI+xWAdRHagZzLVI9gr8="";
  }",pkgs/development/python-modules/pynintendoparental/default.nix
8433b22126345a0d14ae1334c1c4d1dc490409f6,pyfirefly,pyfirefly,0.1.8,fetchFromGitHub,"fetchFromGitHub {
    owner = ""erwindouna"";
    repo = ""pyfirefly"";
    tag = ""v${version}"";
    hash = ""sha256-b4np7JlDCbrrMo6TGE5yL6Xg41ocGoJQY8BMH/hZ9Ls="";
  }",pkgs/development/python-modules/pyfirefly/default.nix
b06c6a621243dce3c0d39a65c941bcec811f7047,meteo-lt-pkg,meteo-lt-pkg,0.2.4,fetchFromGitHub,"fetchFromGitHub {
    owner = ""Brunas"";
    repo = ""meteo_lt-pkg"";
    tag = ""v${version}"";
    hash = ""sha256-OjIBgIOSJ65ryIF4D/UUUa1Oq0sPkKnaQEJeviimqhE="";
  }",pkgs/development/python-modules/meteo-lt-pkg/default.nix
44ee5388060ed5c939e9fd6b853d7446fe1c901d,aio-ownet,aio-ownet,0.0.4,fetchFromGitHub,"fetchFromGitHub {
    owner = ""hacf-fr"";
    repo = ""aio-ownet"";
    tag = ""v${version}"";
    hash = ""sha256-XaulcBrFLu8YsfaYQsZfUBHnw0H5qX6itdgsiW89Ca4="";
  }",pkgs/development/python-modules/aio-ownet/default.nix
ae69e30d0b1bc93b321932fb3d0ebfaf358ef65e,actron-neo-api,actron-neo-api,0.1.84,fetchFromGitHub,"fetchFromGitHub {
    owner = ""kclif9"";
    repo = ""actronneoapi"";
    tag = ""v${version}"";
    hash = ""sha256-ihIg264ZX0tCfRwVLkiq62ke2G125ObcrVabPCDrc4c="";
  }",pkgs/development/python-modules/actron-neo-api/default.nix
f7af868c6530d882eae4fc8df5463f39336ec768,firefox-gnome-theme,firefox-gnome-theme,143,fetchFromGitHub,"fetchFromGitHub {
    owner = ""rafaelmardojai"";
    repo = ""firefox-gnome-theme"";
    tag = ""v${finalAttrs.version}"";
    hash = ""sha256-0E3TqvXAy81qeM/jZXWWOTZ14Hs1RT7o78UyZM+Jbr4="";
  }",pkgs/by-name/fi/firefox-gnome-theme/package.nix
8e2ce3a081a1fe48b77c6931340d1b8a85e78423,compit-inext-api,compit-inext-api,0.3.1,fetchFromGitHub,"fetchFromGitHub {
    owner = ""Przemko92"";
    repo = ""compit-inext-api"";
    tag = version;
    hash = ""sha256-Wx3V0AdxNGLdCIl4G7FlfzeDSirRPnxgQ9Fbp5cRjFw="";
  }",pkgs/development/python-modules/compit-inext-api/default.nix
bcfb9e6fadfb88044722e5b5aad89fec6673d77e,gh-webhook,gh-webhook,0.2.0,fetchFromGitHub,"fetchFromGitHub {
    owner = ""cli"";
    repo = ""gh-webhook"";
    tag = ""v${finalAttrs.version}"";
    hash = ""sha256-y/lJmLxuTIZoxkxSksLxZ7nOBfOOSMD8Z08Ku9f0na8="";
  }",pkgs/by-name/gh/gh-webhook/package.nix
a5f6a3391a7da13c456e961b7136b1eb87001b54,opencl-cts,opencl-cts,2025-08-21-00,fetchFromGitHub,"fetchFromGitHub {
    owner = ""KhronosGroup"";
    repo = ""OpenCL-CTS"";
    rev = ""v${finalAttrs.version}"";
    hash = ""sha256-/VVT7Q45OvVivbZvULInXf78//Tb3EeV8zqbcDR2Pf4="";
  }",pkgs/by-name/op/opencl-cts/package.nix
5a4feee1826a89ea169ec34af480607650ea9d4e,wild,wild,0.7.0,fetchFromGitHub,"fetchFromGitHub {
    owner = ""davidlattimore"";
    repo = ""wild"";
    tag = finalAttrs.version;
    hash = ""sha256-x0IZuWjj0LRMj4pu2FVaD8SENm/UVtE1e4rl0EOZZZM="";
  }",pkgs/by-name/wi/wild/package.nix
5d09bd3b71150d79651a6927ebe7eac02a414d58,django-postgres-extra,django-postgres-extra,2.0.9,fetchFromGitHub,"fetchFromGitHub {
    owner = ""SectorLabs"";
    repo = ""django-postgres-extra"";
    rev = ""v${version}"";
    hash = ""sha256-/2qoXZ2f3un2cgJFAGMnQWBraJ7urkb0kHtcKKJsh6w="";
  }",pkgs/development/python-modules/django-postgres-extra/default.nix
8be927c14a3d3f2d9349f5358d316b7089dd32eb,bit-logo,bit-logo,0.1.0,fetchFromGitHub,"fetchFromGitHub {
    owner = ""superstarryeyes"";
    repo = ""bit"";
    tag = ""v${finalAttrs.version}"";
    hash = ""sha256-VpAunQUttuuC+yrACD8piqKbiiTaAfKdJ/ZthvQijXI="";
  }",pkgs/by-name/bi/bit-logo/package.nix
adcdd30fe25a69c572f2d89876a728cce3b3ba18,phytool,phytool,2-unstable-2024-07-14,fetchFromGitHub,"fetchFromGitHub {
    owner = ""wkz"";
    repo = ""phytool"";
    rev = ""bcf23b0261aa9f352ee4b944e30e3482158640a4"";
    hash = ""sha256-8e2DVjG/2CtJ/+FLzMa1VKajJZfFqjD54XQAMY+0q3U="";
  }",pkgs/by-name/ph/phytool/package.nix
aaf821b4208b829d6a398cdd6b8db795daf4eb6d,mdbook-plugins,mdbook-plugins,0.2.3,fetchFromGitHub,"fetchFromGitHub {
    owner = ""RustForWeb"";
    repo = ""mdbook-plugins"";
    rev = ""v${finalAttrs.version}"";
    hash = ""sha256-IyIUJH5pbuvDarQf7yvrStMIb5HdimudYF+Tq/+OtvY="";
  }",pkgs/by-name/md/mdbook-plugins/package.nix
d8486c1e524235d86cdadd080d82e73a6fa52e12,nextvi,nextvi,2.1,fetchFromGitHub,"fetchFromGitHub {
    owner = ""kyx0r"";
    repo = ""nextvi"";
    tag = finalAttrs.version;
    hash = ""sha256-FBUcmCkGOf7HVLkZqHWxHxS0qhz5t9VwbWb0VOGnb28="";
  }",pkgs/by-name/ne/nextvi/package.nix
514fd961830caca42abfe72da85636051d2f1ae3,kserve-storage,kserve-storage,0.16.0,fetchPypi,"fetchPypi {
    pname = ""kserve_storage"";
    inherit version;
    hash = ""sha256-xgLnWegsPF18RLxwxt0dfnrZwsX7AK3b8AdT594Bac4="";
  }",pkgs/development/python-modules/kserve-storage/default.nix
5efbfb6b02107937765cc264c6494e9a22499d85,cocoon,cocoon,0.5.0,fetchFromGitHub,"fetchFromGitHub {
    owner = ""haileyok"";
    repo = ""cocoon"";
    tag = finalAttrs.version;
    hash = ""sha256-9gJj+edTGkQsHH72F2f7A6EWDet+k38+8UZ1KN2UGT0="";
  }",pkgs/by-name/co/cocoon/package.nix
a64a5a06301fd874b7da99d9a7c1991be89ffa04,librehardwaremonitor-api,librehardwaremonitor-api,1.4.0,fetchFromGitHub,"fetchFromGitHub {
    owner = ""Sab44"";
    repo = ""librehardwaremonitor-api"";
    tag = ""v${version}"";
    hash = ""sha256-yYJOizO6blfwRBWD9oFnaein7DK1F8Kl744ErehXU0Q="";
  }",pkgs/development/python-modules/librehardwaremonitor-api/default.nix
d9430cfe41e219aed8ac856227d8d3414f1cc61b,zatackax,zatackax,1.1.0,fetchFromGitHub,"fetchFromGitHub {
    owner = ""simenheg"";
    repo = ""zatackax"";
    tag = ""v${finalAttrs.version}"";
    hash = ""sha256-1m99hi0kjpj5Yl1nAmwSMMdQWcP0rfLLPFJPkU4oVbM="";
  }",pkgs/by-name/za/zatackax/package.nix
9efc113722a4b59a21a64a096d598708e0f3bac3,jack-link,jack-link,0.2.4,fetchFromGitHub,"fetchFromGitHub {
    owner = ""rncbc"";
    repo = ""jack_link"";
    tag = ""v${finalAttrs.version}"";
    hash = ""sha256-bIB3lxKKaI8DLtmnkRTTHXDopCZ3FAv15cAYcyJcBYA="";
    fetchSubmodules = true;
  }",pkgs/by-name/ja/jack-link/package.nix
c3ed4686fe74c553110700cfae9daf86802587fe,igraph_0,igraph,0.10.17,fetchFromGitHub,"fetchFromGitHub {
    owner = ""igraph"";
    repo = ""igraph"";
    tag = finalAttrs.version;
    hash = ""sha256-NzLn2GXpMgwE8fY1vp5SU0Y7EfyVpQfphGdqU6sQGW4="";
  }",pkgs/by-name/ig/igraph_0/package.nix
d4de40a650dda54149348d7664e545c211276aec,literata,literata,3.103,fetchzip,"fetchzip {
    url = ""https://github.com/googlefonts/literata/releases/download/${finalAttrs.version}/${finalAttrs.version}.zip"";
    hash = ""sha256-XwwvyzwO2uhi1Bay9HtB75j1QfAJR4TMETgy/zyvwZ0="";
    stripRoot = false;
  }",pkgs/by-name/li/literata/package.nix
2c40a3091b1e2c1ceae3396142ea68274675691b,mtkclient,mtkclient,2.0.1-unstable-2025-09-26,fetchFromGitHub,"fetchFromGitHub {
    owner = ""bkerler"";
    repo = ""mtkclient"";
    rev = ""399b3a1c25e73ddf4951f12efd20f7254ee04a39"";
    hash = ""sha256-XNPYeVhp5P+zQdumS9IzlUd5+WebL56qcgs10WS2/LY="";
  }",pkgs/by-name/mt/mtkclient/package.nix
25a6f9bfc3b9cb60312b545490f4059ebfc6947d,tomat,tomat,2.3.0,fetchFromGitHub,"fetchFromGitHub {
    owner = ""jolars"";
    repo = ""tomat"";
    tag = ""v${version}"";
    hash = ""sha256-lkNBcTn7uXWifIVNoXmggPy+UjozL5YqVYorH9XAejo="";
  }",pkgs/by-name/to/tomat/package.nix
863bf3dfa6b5e8566643b9ba6c6727162b4edfc5,python-jsonpath,python-jsonpath,2.0.1,fetchFromGitHub,"fetchFromGitHub {
    owner = ""jg-rp"";
    repo = ""python-jsonpath"";
    tag = ""v${version}"";
    fetchSubmodules = true;
    hash = ""sha256-DiXBIo/I36rrn+RCQda+khfViCnzHwiGzK2X9ACF3io="";
  }",pkgs/development/python-modules/python-jsonpath/default.nix
49df0d02ed8f1a75bad289b449e70e97da60b029,xeger,xeger,0.3.5,fetchFromGitHub,"fetchFromGitHub {
    owner = ""crdoconnor"";
    repo = ""xeger"";
    tag = version;
    hash = ""sha256-XujytGzBwJ59C5VihuFUJUxqhyjOIU4sI60hXUqLQvM="";
  }",pkgs/development/python-modules/xeger/default.nix
af9e231e168ba2dfc71bc74763261730ef30e8cd,watchgha,watchgha,2.4.2,fetchPypi,"fetchPypi {
    inherit version;
    pname = ""watchgha"";
    hash = ""sha256-RtmCC+twOk+viWY7WTbTzuxHTM3MOww+sRuEvlemCcI="";
  }",pkgs/by-name/wa/watchgha/package.nix
cc559b7bb0be44ab532122bef8a4ce769287a896,karere,karere,0.9.4,fetchFromGitHub,"fetchFromGitHub {
    owner = ""tobagin"";
    repo = ""karere"";
    rev = ""v${finalAttrs.version}"";
    hash = ""sha256-qfBAA9PFXqU+hS9evsX8898ysE58IcZz3df4kVsnaa8="";
  }",pkgs/by-name/ka/karere/package.nix
5d4760c8bb8f3a0eb5dc95c54da6455b630c5b7d,systemd-credsubst,systemd-credsubst,0.1.0,fetchFromGitHub,"fetchFromGitHub {
    owner = ""yaxitech"";
    repo = ""systemd-credsubst"";
    tag = ""v${version}"";
    hash = ""sha256-3KbO93OWJuiV8oYLSlqaj0i2x/2GwGxfQ7QwwSrfb1Y="";
  }",pkgs/by-name/sy/systemd-credsubst/package.nix
14d0327e9c459d5d353e24890f3c0e0b6c8bd618,fakesip,fakesip,0.9.1,fetchFromGitHub,"fetchFromGitHub {
    owner = ""MikeWang000000"";
    repo = ""FakeSIP"";
    tag = finalAttrs.version;
    hash = ""sha256-iY9EAvy4E6aM59B1sn9d0xoUMdOsX75LslVzB/Cf5XM="";
  }",pkgs/by-name/fa/fakesip/package.nix
27ea5b1a461525f0bfa92f407a14a73322fb20c0,fakehttp,fakehttp,0.9.18,fetchFromGitHub,"fetchFromGitHub {
    owner = ""MikeWang000000"";
    repo = ""FakeHTTP"";
    tag = finalAttrs.version;
    hash = ""sha256-XjWveBsRJq5iNpk3e9lmVKMoB3q5tr4OiNY+kYEqtEE="";
  }",pkgs/by-name/fa/fakehttp/package.nix
bfd50c9548f757da271091953adada2e699b560a,mprisify,mprisify,1.0.0,fetchFromGitLab,"fetchFromGitLab {
    owner = ""zehkira"";
    repo = ""mprisify"";
    tag = ""v${version}"";
    hash = ""sha256-05i3N61cqRgGaBjYOEhxeCSV2wDh9yMaXTvEZ/JGrZo="";
  }",pkgs/development/python-modules/mprisify/default.nix
21124ba61b0291bbad7c3dac526eaca74ecaf7e3,mdio-tools,mdio-tools,1.3.1,fetchFromGitHub,"fetchFromGitHub {
    owner = ""wkz"";
    repo = ""mdio-tools"";
    tag = finalAttrs.version;
    hash = ""sha256-NomChJrYwMDPXNw5r2p11kGfYUvJBHCdLXy1SA8kOaM="";
  }",pkgs/by-name/md/mdio-tools/package.nix
68ed260e1673d1f815334ee58625c29738f8a886,nativefiledialog-extended,nativefiledialog-extended,1.2.1,fetchFromGitHub,"fetchFromGitHub {
    owner = ""btzy"";
    repo = ""nativefiledialog-extended"";
    tag = ""v${finalAttrs.version}"";
    hash = ""sha256-GwT42lMZAAKSJpUJE6MYOpSLKUD5o9nSe9lcsoeXgJY="";
  }",pkgs/by-name/na/nativefiledialog-extended/package.nix
40856f9ca8682d20508c382d8e948aad557747da,torchcodec,torchcodec,0.8.1,fetchFromGitHub,"fetchFromGitHub {
    owner = ""meta-pytorch"";
    repo = ""torchcodec"";
    tag = ""v${version}"";
    hash = ""sha256-trYS4sRPSNmQLHZZS174zxbu74LT+39N23zOJdWwN6Q="";
  }",pkgs/development/python-modules/torchcodec/default.nix
6e978ef038fd84b97a83bed721ccdc7f8c1a1d5e,nixbit,nixbit,0.1.5,fetchFromGitHub,"fetchFromGitHub {
    owner = ""pbek"";
    repo = ""nixbit"";
    tag = ""v${finalAttrs.version}"";
    hash = ""sha256-DpjLPvmn61rEn6ui8cFfqeZEPYGyCUVVP/V7mQw1l5Y="";
  }",pkgs/by-name/ni/nixbit/package.nix
df9fce6aea2403b7dadab6462efe4671790fb52d,fcitx5-inflex-themes,fcitx5-inflex-themes,0-unstable-2024-11-11,fetchFromGitHub,"fetchFromGitHub {
    owner = ""sanweiya"";
    repo = ""fcitx5-inflex-themes"";
    rev = ""86d0a36eae2145de38d9c8bcfcb59f3b5ab6cb37"";
    hash = ""sha256-YyToQdVieRepGeW1CRBFH9VO7CtO8r7xCO9/79V+vlA="";
  }",pkgs/by-name/fc/fcitx5-inflex-themes/package.nix
7234d45eb6c6666e4a3ddb4ef161771b8adc2804,fastd-exporter,fastd-exporter,0-unstable-2024-04-09,fetchFromGitHub,"fetchFromGitHub {
    owner = ""freifunk-darmstadt"";
    repo = ""fastd-exporter"";
    rev = ""374e4334af6661f4c91a3e83bf7ce071a2a72eca"";
    sha256 = ""sha256-0oU4+9G19XP5qtGdcfMz08T04hjcoXX/O+FkaUPxzXE="";
  }",pkgs/by-name/fa/fastd-exporter/package.nix
86a92e49c4aa81f737d18bae97953d9744af910e,hyprfreeze,hyprfreeze,1.2.0,fetchFromGitHub,"fetchFromGitHub {
    owner = ""Zerodya"";
    repo = ""hyprfreeze"";
    tag = ""v${version}"";
    hash = ""sha256-omwAWBEnb14ZBux7bvXSJyi7FI1LZ5GaZFn46/bWJA4="";
  }",pkgs/by-name/hy/hyprfreeze/package.nix
dfe018a51c1e3a081ae5d43a032e8fe8fec6b272,tinygltf,tinygltf,2.9.6,fetchFromGitHub,"fetchFromGitHub {
    owner = ""syoyo"";
    repo = ""tinygltf"";
    tag = ""v${finalAttrs.version}"";
    hash = ""sha256-3dBxfdXeTbzeQAXaBXFaflLgXYeuOfESdq6V3+0iCXY="";
  }",pkgs/by-name/ti/tinygltf/package.nix
6715f8f3f2323a70d5c79a014422f4965c29a4ef,batticonplus,batticonplus,2.0.1,fetchFromGitHub,"fetchFromGitHub {
    owner = ""artist4xlibre"";
    repo = ""batticonplus"";
    tag = ""v${version}"";
    hash = ""sha256-H9ZoiQ5zWMIoWWol2a6f9Z8g4o9DIHYdF+/nEsBfuzc="";
  }",pkgs/by-name/ba/batticonplus/package.nix
f6e5f353191a1b874e0d855dedfe346a69a637db,uhhyou-plugins-juce,uhhyou-plugins-juce,0.1.0,fetchFromGitHub,"fetchFromGitHub {
    owner = ""ryukau"";
    repo = ""UhhyouPluginsJuce"";
    tag = ""UhhyouPluginsJuce${finalAttrs.version}"";
    hash = ""sha256-oHxyOTiqEwdNUKGQNjjfdRkzMa+4TYX6Vf6ZS9BTcC0="";
    fetchSubmodules = true;
  }",pkgs/by-name/uh/uhhyou-plugins-juce/package.nix
34cb8d1d09482bb8a8ce1ff2dbe6078a8df02b11,uhhyou-plugins,uhhyou-plugins,0.67.0,fetchFromGitHub,"fetchFromGitHub {
    owner = ""ryukau"";
    repo = ""VSTPlugins"";
    rev = ""UhhyouPlugins${finalAttrs.version}"";
    hash = ""sha256-8YGfcnWkOQwwq6m3510GPpZu6UbDmVi3K/dOGLrAnhM="";
    fetchSubmodules = true;
  }",pkgs/by-name/uh/uhhyou-plugins/package.nix
7015408b3cec6ca320f4c7c90262500e1a8ea03c,ocp-browser,ocp-browser,1.4.0,fetchFromGitHub,"fetchFromGitHub {
    owner = ""OCamlPro"";
    repo = ""ocp-index"";
    tag = finalAttrs.version;
    hash = ""sha256-pv6aBJjRkibISpZEnlfyn72smcYEbZoPQoQH2p/JwH0="";
  }",pkgs/development/tools/ocaml/ocp-browser/default.nix
d15ccc471edf043bb0af2dfef4e5c6d01c36dd40,chipwhisperer,chipwhisperer,5.7.0,fetchFromGitHub,"fetchFromGitHub {
    owner = ""newaetech"";
    repo = ""chipwhisperer"";
    tag = version;
    hash = ""sha256-C7QP044QEP7vmz1lMseLtMTYoKn5SoFV/q9URY7yQ6I="";
  }",pkgs/development/python-modules/chipwhisperer/default.nix
8665289c040bfdcf17712b5b6d87740a45f7145c,numpy-typing-compat,numpy-typing-compat,20250818.2.3,fetchPypi,"fetchPypi {
    pname = ""numpy_typing_compat"";
    inherit version;
    hash = ""sha256-cug9U1tjXWaLpzFeQ66AvhRppvrqb8ltMSUW85s9j6U="";
  }",pkgs/development/python-modules/numpy-typing-compat/default.nix
65f42173f17014e6255fd8806e52595de61a1bb0,beammp-launcher,beammp-launcher,2.7.0,fetchFromGitHub,"fetchFromGitHub {
    owner = ""BeamMP"";
    repo = ""BeamMP-Launcher"";
    tag = ""v${finalAttrs.version}"";
    hash = ""sha256-+qdDGOLds2j00BRijFAZ8DMrnjvigs+z+w9+wbitJno="";
  }",pkgs/by-name/be/beammp-launcher/package.nix
9a4f7a19e46a99d2a35c28ba3b929e4d7d03f3e1,go-csp-collector,go-csp-collector,0.0.16-unstable-2025-10-10,fetchFromGitHub,"fetchFromGitHub {
    owner = ""jacobbednarz"";
    repo = ""go-csp-collector"";
    rev = ""a0cf22ac6d1f5c8972bf53671ba174767d2adcd5"";
    hash = ""sha256-xFvO8ZuJQ5luCDOTPHtVeb1+3VvIKSwjt2TqkxBIY58="";
  }",pkgs/by-name/go/go-csp-collector/package.nix
566f5bb03c902226abbfa68a7c259bb979c97723,redumper,redumper,438,fetchFromGitHub,"fetchFromGitHub {
    owner = ""superg"";
    repo = ""redumper"";
    tag = ""build_${finalAttrs.version}"";
    hash = ""sha256-Ft+fxrKt7Yue+JT6PydWIzwbKGBX/VzLjjsADD7mqy0="";
  }",pkgs/by-name/re/redumper/package.nix
e36a5b759d897e5a210b3663d5f941ec2a90c146,zope-index,zope-index,8.0,fetchFromGitHub,"fetchFromGitHub {
    owner = ""zopefoundation"";
    repo = ""zope.index"";
    tag = ""${version}"";
    hash = ""sha256-dHapd/+pJh6qzVx9FGSMmPsGbz8NhAoPqufXm3FOuM8="";
  }",pkgs/development/python-modules/zope-index/default.nix
5ad8a6252cc43adb82e9dd6fa5c43f42463924ea,simplecosine,simplecosine,1.2,fetchFromGitHub,"fetchFromGitHub {
    owner = ""dedupeio"";
    repo = ""simplecosine"";
    tag = ""v${version}"";
    hash = ""sha256-TNQnSbCh7o5JsxvfljRGSNwptwpLHmVw9gyk0TELDek="";
  }",pkgs/development/python-modules/simplecosine/default.nix
1e34678aa1b3f8f9e58a8a42fb30b1c4bfdd27e6,doublemetaphone,doublemetaphone,1.2i,fetchFromGitHub,"fetchFromGitHub {
    owner = ""dedupeio"";
    repo = ""doublemetaphone"";
    tag = ""v${version}"";
    hash = ""sha256-VPJqHxQHLiLSko+aJYTIgISluHPARgQN5pYWYxP9QKQ="";
  }",pkgs/development/python-modules/doublemetaphone/default.nix
a21f05cdb18db9b048c8bcbefb3b8f784d884c56,dedupe-pylbfgs,dedupe-pylbfgs,0.2.0.16,fetchFromGitHub,"fetchFromGitHub {
    owner = ""dedupeio"";
    repo = ""pylbfgs"";
    tag = ""${version}"";
    hash = ""sha256-H416dgZQxyqsnhmlK5keW8cJWY6gea4mebVuP0IEVOU="";
  }",pkgs/development/python-modules/dedupe-pylbfgs/default.nix
d3edbad75fba40eb8e7dadc375ddcb8343de29c9,dedupe-levenshtein-search,dedupe-levenshtein-search,1.4.5,fetchFromGitHub,"fetchFromGitHub {
    owner = ""dedupeio"";
    repo = ""Levenshtein_search"";
    tag = ""v${version}"";
    hash = ""sha256-YhsZA28H4OUkQEBtJ+9OXJld4Z/PJbOPqAQQ9qaXSjk="";
  }",pkgs/development/python-modules/dedupe-levenshtein-search/default.nix
0d1deaa35fdf15527790c1fc0b239b2c70933f34,categorical-distance,categorical-distance,1.9-unstable-2020-03-31,fetchFromGitHub,"fetchFromGitHub {
    owner = ""dedupeio"";
    repo = ""categorical-distance"";
    rev = ""07d079fd412ccf06cdb200b3cd2cfa4b67f78722"";
    hash = ""sha256-zSjSrlFiRus/T2XZdakLQpF1u/LV0VNWwrc8lhss6kU="";
  }",pkgs/development/python-modules/categorical-distance/default.nix
25b4acf2eacda5546ab89394aa8b877ac52a8538,affinegap,affinegap,1.12,fetchFromGitHub,"fetchFromGitHub {
    owner = ""dedupeio"";
    repo = ""affinegap"";
    tag = ""v${version}"";
    hash = ""sha256-9eX41eoME5Vdtq+c04eQbMYnViy6QKOhKkafrkeMylI="";
  }",pkgs/development/python-modules/affinegap/default.nix
ed6551c9e74fefb28909b8b9730adf2b3ba9846c,jart-jsoncpp,json.cpp,0-unstable-2025-10-25,fetchFromGitHub,"fetchFromGitHub {
    owner = ""jart"";
    repo = ""json.cpp"";
    rev = ""6ec4e44a5bbaadbe677473378c3d2133644c58a1"";
    hash = ""sha256-kUFtyFPoHGCFWTGRD8SoBsqHYCplGPw/AcpMR9T0Ffk="";
  }",pkgs/by-name/ja/jart-jsoncpp/package.nix
5641e202cbe5f1217be7601c6469d7abc2e4c02b,pydroplet,pydroplet,2.3.4,fetchFromGitHub,"fetchFromGitHub {
    owner = ""Hydrific"";
    repo = ""pydroplet"";
    tag = ""v${version}"";
    hash = ""sha256-cVftXG7sKDpGRRb2jLlFxgCH2+rA6hLYTUqWL1kvh+E="";
  }",pkgs/development/python-modules/pydroplet/default.nix
37bcb08fa8a3a6b0bcaad3c109d2ec9ad829811d,stasis,stasis,0.5.0,fetchFromGitHub,"fetchFromGitHub {
    owner = ""saltnpepper97"";
    repo = ""stasis"";
    tag = ""v${finalAttrs.version}"";
    hash = ""sha256-gJB/y6jSBJZjBTQB9sxbVpllSfF6jwKOEeLqlgIStMA="";
  }",pkgs/by-name/st/stasis/package.nix
8d05f6fe3a0ceb97caee74c92257c7eb0d57ff15,victron-vrm,victron-vrm,0.1.8,fetchFromGitHub,"fetchFromGitHub {
    owner = ""KSoft-Si"";
    repo = ""vrm-client"";
    tag = ""v${version}"";
    hash = ""sha256-NxkMUwiFD8C7Nrtd7cjoFvdkbAOJkIIt+TPtkous8Nc="";
  }",pkgs/development/python-modules/victron-vrm/default.nix
6c8c69dd58b7e77c3d61b61257bffe79087f887e,gitfetch,gitfetch,1.2.1,fetchFromGitHub,"fetchFromGitHub {
    owner = ""Matars"";
    repo = ""gitfetch"";
    tag = ""v${version}"";
    hash = ""sha256-2cOfVv/snhluazyjwDuHEbbMq3cK+bsKYnnRmby0JDo="";
  }",pkgs/by-name/gi/gitfetch/package.nix
47c2e3ba5806eb1564514f6cc29addbe01ae4faf,pycync,pycync,0.4.2,fetchFromGitHub,"fetchFromGitHub {
    owner = ""Kinachi249"";
    repo = ""pycync"";
    tag = ""v${version}"";
    hash = ""sha256-PDCS+ucfO5RRvTshGGjxir3ez7L405k5tL5svMxZMsg="";
  }",pkgs/development/python-modules/pycync/default.nix
fd29e89e92cd57f2dd61b9509116e652e6c73335,sampo,sampo,0.12.0,fetchFromGitHub,"fetchFromGitHub {
    owner = ""bruits"";
    repo = ""sampo"";
    tag = ""sampo-v${finalAttrs.version}"";
    hash = ""sha256-0E9dvyu6mGbuMH8Lf/rVTn3skVq9kaVjQG2eLH8a2IY="";
  }",pkgs/by-name/sa/sampo/package.nix
3488184ee710295168ebc83b1b9dce641005e9cc,kaitai-struct-cpp-stl-runtime,kaitai-struct-cpp-stl-runtime,0.11,fetchFromGitHub,"fetchFromGitHub {
    owner = ""kaitai-io"";
    repo = ""kaitai_struct_cpp_stl_runtime"";
    tag = finalAttrs.version;
    sha256 = ""sha256-2glGPf08bkzvnkLpQIaG2qiy/yO+bZ14hjIaCKou2vU="";
  }",pkgs/by-name/ka/kaitai-struct-cpp-stl-runtime/package.nix
3b88e192f80788d98452c45e22dc8847a2cdf8f7,kubazip,kubazip,0.3.5,fetchFromGitHub,"fetchFromGitHub {
    owner = ""kuba--"";
    repo = ""zip"";
    tag = ""v${finalAttrs.version}"";
    hash = ""sha256-wNkIYuwwXo7v3vNaOnRZt1tcd0RGjDvCUqDGdvJzVdo="";
  }",pkgs/by-name/ku/kubazip/package.nix
b68d2ff377d690d2b39ca09b948a74edbf14424c,coq-tools,coq-tools,0.0.36,fetchPypi,"fetchPypi {
    pname = ""coq_tools"";
    inherit version;
    hash = ""sha256-lZ469FZ19Cy+LdC4ymU4wVWe7ZtPSbYlgmym/ouQSwk="";
  }",pkgs/development/python-modules/coq-tools/default.nix
3fbc67c715303e209fff85e52c0ecce9c94f781e,iio-niri,iio-niri,1.2.1,fetchFromGitHub,"fetchFromGitHub {
    owner = ""Zhaith-Izaliel"";
    repo = ""iio-niri"";
    tag = ""v${version}"";
    hash = ""sha256-IOMJ1xtjUkUoUgFZ9pxBf5XKdaUHu3WbUH5TlEiNRc4="";
  }",pkgs/by-name/ii/iio-niri/package.nix
1d5d744033d75dbf141a4fe9acd214ba43f03d56,django-treenode,django-treenode,0.23.2,fetchFromGitHub,"fetchFromGitHub {
    owner = ""fabiocaccamo"";
    repo = ""django-treenode"";
    tag = version;
    hash = ""sha256-9AG8ntuXHB3jUHRKFDh7OOT5c0Nt8uAZnf5dR7xC/Bc="";
  }",pkgs/development/python-modules/django-treenode/default.nix
60da627bb15b895f633c666de55cfe4ce8d906d0,zsh-completion-sync,zsh-completion-sync,0.3.3,fetchFromGitHub,"fetchFromGitHub {
    owner = ""BronzeDeer"";
    repo = ""zsh-completion-sync"";
    rev = ""v${finalAttrs.version}"";
    sha256 = ""sha256-GTW4nLVW1/09aXNnZJuKs12CoalzWGKB79VsQ2a2Av4="";
  }",pkgs/by-name/zs/zsh-completion-sync/package.nix
74098b69f3c866c6c958fc1d9039ea0a48692679,flying-carpet,flying-carpet,9.0.0,fetchFromGitHub,"fetchFromGitHub {
    owner = ""spieglt"";
    repo = ""FlyingCarpet"";
    tag = ""v${finalAttrs.version}"";
    hash = ""sha256-xjTypnI6NXG4D3iaSEHcea2as3MSmKVo9x/4JTx9znc="";
  }",pkgs/by-name/fl/flying-carpet/package.nix
a60f412cc6d82e2abbf0558ff9bb6326e6865e35,gdscript-formatter,gdscript-formatter,0.14.0,fetchFromGitHub,"fetchFromGitHub {
    owner = ""GDQuest"";
    repo = ""GDScript-formatter"";
    tag = finalAttrs.version;
    hash = ""sha256-cY6Ow1f8o40M9/knneAod8ABj7ObQAkzs3yODMpkCxQ="";
    # Needed due to .gitattributes being used for the Godot addon and export-ignoring all files
    deepClone = true;
  }",pkgs/by-name/gd/gdscript-formatter/package.nix
401adf55dfc9ce41ad8366b93f348d1690f71e7f,sigsum,sigsum,0.11.2,fetchFromGitLab,"fetchFromGitLab {
    domain = ""git.glasklar.is"";
    group = ""sigsum"";
    owner = ""core"";
    repo = ""sigsum-go"";
    tag = ""v${finalAttrs.version}"";
    hash = ""sha256-oaYquy0N8yHfKLoNEv8Vte3dpp/UQFZ74mZHin8dDzw="";
  }",pkgs/by-name/si/sigsum/package.nix
8598b9e738dbb56e6081f8df6e88ce6d8db8a74a,framework-tool-tui,framework-tool-tui,0.5.1,fetchFromGitHub,"fetchFromGitHub {
    owner = ""grouzen"";
    repo = ""framework-tool-tui"";
    tag = ""v${finalAttrs.version}"";
    hash = ""sha256-R4/VeymmthI96PJt7XsKRYz1Y8QW/lV90HvJgt+e+hI="";
  }",pkgs/by-name/fr/framework-tool-tui/package.nix
03ffc669d2d09fb99e8c3dfc11daff94caea7051,discord-rich-presence-plex,discord-rich-presence-plex,2.16.0,fetchFromGitHub,"fetchFromGitHub {
    owner = ""phin05"";
    repo = ""discord-rich-presence-plex"";
    tag = ""v${version}"";
    hash = ""sha256-e1r0w72IOEY5XsjANkAHbfPYEf1B8n6KYVLMWFSLs0g="";
  }",pkgs/by-name/di/discord-rich-presence-plex/package.nix
7b3d110d4046e7fae61695df3689328050ef91e1,everforest-cursors,everforest-cursors,3212590527,fetchurl,"fetchurl {
    url = ""https://github.com/talwat/everforest-cursors/releases/download/${finalAttrs.version}/everforest-cursors-variants.tar.bz2"";
    hash = ""sha256-xXgtN9wbjbrGLUGYymMEGug9xEs9y44mq18yZVdbiuU="";
  }",pkgs/by-name/ev/everforest-cursors/package.nix
bd8004d72646c60d8e315e0ec34dc6d7e7821408,miro,miro,0.6.2,fetchFromGitHub,"fetchFromGitHub {
    owner = ""vincent-uden"";
    repo = ""miro"";
    tag = ""v${finalAttrs.version}"";
    hash = ""sha256-znrbAufYM+YIPm0oSZ8i4vHHrhlgSQWMzKfqdF8qaow="";
  }",pkgs/by-name/mi/miro/package.nix
c630f97390d65bcf25e61347f08ad9f1017352de,standard-sndhdr,standard-sndhdr,3.13.0,fetchFromGitHub,"fetchFromGitHub {
    owner = ""youknowone"";
    repo = ""python-deadlib"";
    tag = ""v${version}"";
    hash = ""sha256-vhGFTd1yXL4Frqli5D1GwOatwByDjvcP8sxgkdu6Jqg="";
  }",pkgs/development/python-modules/standard-sndhdr/default.nix
8a9fa0f5e3d37ec8330d175bdf384949ffff69b7,iocaine,iocaine,2.5.1,fetchFromGitea,"fetchFromGitea {
    domain = ""git.madhouse-project.org"";
    owner = ""iocaine"";
    repo = ""iocaine"";
    tag = ""iocaine-${version}"";
    hash = ""sha256-213QLpGBKSsT9r8O27PyMom5+OGPz0VtRBevxswISZA="";
  }",pkgs/by-name/io/iocaine/package.nix
9e871d5514aaeede9e56602f339503c265d76769,libtatsu,libtatsu,1.0.5,fetchFromGitHub,"fetchFromGitHub {
    owner = ""libimobiledevice"";
    repo = ""libtatsu"";
    tag = finalAttrs.version;
    hash = ""sha256-vf4xBTTGDJCTj4TMLOhojjAfzSbkx+ogGBnf+UeumG0="";
  }",pkgs/by-name/li/libtatsu/package.nix
beceaec1c1046bfdcf215dbaada17d5ec9183e02,icesprog,icesprog,1.1b,fetchFromGitHub,"fetchFromGitHub {
    owner = ""wuxx"";
    repo = ""icesugar"";
    tag = ""v${finalAttrs.version}"";
    hash = ""sha256-LGmT+GEZvo0oxmr2kMfSztutnguPpNt2QJfVyBJo82w="";
  }",pkgs/by-name/ic/icesprog/package.nix
2f6877f8ea8d9a81978ec5509f234adb00995204,prometheus-qbittorrent-exporter,prometheus-qbittorrent-exporter,1.12.1,fetchFromGitHub,"fetchFromGitHub {
    owner = ""martabal"";
    repo = ""qbittorrent-exporter"";
    tag = ""v${finalAttrs.version}"";
    hash = ""sha256-9J4nGG52M7SSeXigLBJK/dqXRvSpPqOGRJ8BQx7+1eU="";
  }",pkgs/by-name/pr/prometheus-qbittorrent-exporter/package.nix
65e83db1d8cdad1b711805e89790d6475432d780,uhashring,uhashring,2.4,fetchFromGitHub,"fetchFromGitHub {
    owner = ""ultrabug"";
    repo = ""uhashring"";
    tag = version;
    hash = ""sha256-6zNPExbcwTUne0lT8V6xp2Gf6J1VgG7Q93qizVOAc+k="";
  }",pkgs/development/python-modules/uhashring/default.nix
fe1ba330ead05a62a8758af0604b0fb4cfd7b7cb,frozen-containers,frozen-containers,1.2.0-unstable-2025-07-29,fetchFromGitHub,"fetchFromGitHub {
    owner = ""serge-sans-paille"";
    repo = ""frozen"";
    rev = ""61dce5ae18ca59931e27675c468e64118aba8744"";
    hash = ""sha256-zIczBSRDWjX9hcmYWYkbWY3NAAQwQtKhMTeHlYp4BKk="";
  }",pkgs/by-name/fr/frozen-containers/package.nix
5a4698d5c7875f9afcfc0ee6627ef96142f2e0f5,prometheus-tailscale-exporter,tailscale-exporter,0.2.5,fetchFromGitHub,"fetchFromGitHub {
    owner = ""adinhodovic"";
    repo = ""tailscale-exporter"";
    tag = version;
    hash = ""sha256-6iQtGfQsXVmwFaSA7B1AG+kbtSyKVWFbEld1lMb0DnE="";
  }",pkgs/by-name/pr/prometheus-tailscale-exporter/package.nix
e48e6e0d6af4d3fc61afcd611754c61699f330ac,pyopen-wakeword,pyopen-wakeword,1.0.1,fetchFromGitHub,"fetchFromGitHub {
    owner = ""rhasspy"";
    repo = ""pyopen-wakeword"";
    tag = ""v${version}"";
    hash = ""sha256-LJ0pHP4nsTx3GPuWUwOwNuXR9tUKABqSHnLSvMlfm1Y="";
  }",pkgs/development/python-modules/pyopen-wakeword/default.nix
fb143d900a59d0b229eba54acf57bf8134971ee5,utitools,utitools,0.4.0,fetchFromGitHub,"fetchFromGitHub {
    owner = ""RhetTbull"";
    repo = ""utitools"";
    tag = ""v${version}"";
    hash = ""sha256-oI+a+sc9+qi7aFP0dLINAQekib/9pZm10A5jhVIHWvo="";
  }",pkgs/development/python-modules/utitools/default.nix
94d2bea2af56f82675d243e4313fe8cbd3f6ae6a,tocaia,tocaia,0.9.0,fetchFromGitHub,"fetchFromGitHub {
    owner = ""manipuladordedados"";
    repo = ""tocaia"";
    tag = finalAttrs.version;
    hash = ""sha256-Np+Awn5KGoAbeoUEkcAeVwnNCqI2Iy+19Zj1RkNfgXU="";
  }",pkgs/by-name/to/tocaia/package.nix
9db770b448880aef731adfe9d42b337eaa39fc72,gocheat,gocheat,0.1.1,fetchFromGitHub,"fetchFromGitHub {
    owner = ""Achno"";
    repo = ""gocheat"";
    tag = ""v${finalAttrs.version}"";
    hash = ""sha256-9Xw1GVfqk0Se8pLx3vzqR+f9GgX4LDo/H3iq1fzoTRs="";
  }",pkgs/by-name/go/gocheat/package.nix
66375ddb4f9638de1b3b2ef272306cd3ef1616ea,hatch-sphinx,hatch-sphinx,0.0.4,fetchFromGitHub,"fetchFromGitHub {
    owner = ""llimeht"";
    repo = ""hatch-sphinx"";
    tag = ""v${version}"";
    hash = ""sha256-8g0UkDMf05CVd2VbnV30pZpQ9chJhCkKfci7zmcIOoQ="";
  }",pkgs/development/python-modules/hatch-sphinx/default.nix
85753a26c56db7025b66db2a8058b305a15e7943,columnize,columnize,0.3.11,fetchFromGitHub,"fetchFromGitHub {
    owner = ""rocky"";
    repo = ""pycolumnize"";
    tag = ""3.11"";
    hash = ""sha256-YJEIujoRpLvUM4H4CB1nEJaYStFOSVKIGzchnptlt7M="";
  }",pkgs/development/python-modules/columnize/default.nix
c981be7e0c7586d44c6f6e48fd0228227c1a11be,farith,farith,0.1,fetchFromGitLab,"fetchFromGitLab {
    domain = ""git.frama-c.com"";
    owner = ""pub"";
    repo = ""farith"";
    tag = version;
    hash = ""sha256-9TGKeL3DXKEf2RLpkjOTC8aDQeLKSM9QUIiSkFCQW+8="";
  }",pkgs/development/ocaml-modules/farith/default.nix
83cec4293d4a34e77cb254c8f1fd5ca389b65675,mio,mio,unstable-2023-03-03,fetchFromGitHub,"fetchFromGitHub {
    owner = ""vimpunk"";
    repo = ""mio"";
    rev = ""8b6b7d878c89e81614d05edca7936de41ccdd2da"";
    hash = ""sha256-j/wbjyI2v/BsFz2RKi8ZxMKuT+7o5uI4I4yIkUran7I="";
  }",pkgs/by-name/mi/mio/package.nix
c22b76d760241df91b720207478f11e5739b3c4d,ubase,ubase,0.20,fetchFromGitHub,"fetchFromGitHub {
    owner = ""sanette"";
    repo = ""ubase"";
    tag = version;
    sha256 = ""sha256-zmYjWEk0r1h87RczCJu2tYlS79F/pAiBt16BplPmA7c="";
  }",pkgs/development/ocaml-modules/ubase/default.nix
0c594d355cba053efc1323814a373d59457f0ff0,legendsbrowser2,legendsbrowser2,2.0.10,fetchFromGitHub,"fetchFromGitHub {
    owner = ""robertjanetzko"";
    repo = ""LegendsBrowser2"";
    tag = finalAttrs.version;
    hash = ""sha256-wttBw3AKHkPCgoxnaxI8IZSPuw2xLoCK/9joAYFWPM8="";
  }",pkgs/by-name/le/legendsbrowser2/package.nix
697e7ab1544452edb961ab56bb72fcca5a882766,rumdl,rumdl,0.0.156,fetchFromGitHub,"fetchFromGitHub {
    owner = ""rvben"";
    repo = ""rumdl"";
    tag = ""v${finalAttrs.version}"";
    hash = ""sha256-yHOfrX3iOq1oGwHtHchMyQblqLXreoUKLBTpxxh2FEE="";
  }",pkgs/by-name/ru/rumdl/package.nix
75db06847d30bf45e5247ca43368e06b84e034dd,noxdir,noxdir,0.9.0,fetchFromGitHub,"fetchFromGitHub {
    owner = ""crumbyte"";
    repo = ""noxdir"";
    tag = ""v${finalAttrs.version}"";
    hash = ""sha256-sy94J+97fxg0t/GTSLzJQMDcQtOCQeo8TCTT8G4p6wY="";
  }",pkgs/by-name/no/noxdir/package.nix
6287acfde9bcdfb565287d32a17dd63a30ab033f,bc-mbedtls,mbedtls,3.6.1-unstable-2025-08-11,fetchFromGitLab,"fetchFromGitLab {
    inherit rev;

    domain = ""gitlab.linphone.org"";
    group = ""BC"";
    owner = ""public/external"";
    repo = ""mbedtls"";
    sha256 = ""sha256-jQpRn2F21sPKKAiaqsUvaKyuR80AnedG/hAyiNamKjc="";
    fetchSubmodules = true;
  }",pkgs/applications/networking/instant-messengers/linphone/bc-mbedtls/default.nix
8f504d1eaea986d9db2197b2e2dbbb4c50b9883c,fortitude,fortitude,0.7.5-unstable-2025-10-14,fetchFromGitHub,"fetchFromGitHub {
    owner = ""PlasmaFAIR"";
    repo = ""fortitude"";
    rev = ""ca65546d69947500eeb37a2bbc58151012ab40d9"";
    hash = ""sha256-PKOPQnVQbvqEoCPO9K3ofajbcId83uLbma6R9RiBzys="";
  }",pkgs/by-name/fo/fortitude/package.nix
999175c168950edf026630e9cbff92e7d2a81524,xdgcpp,xdgcpp,0-unstable-2024-05-26,fetchFromGitHub,"fetchFromGitHub {
    owner = ""Grumbel"";
    repo = ""xdgcpp"";
    rev = ""e2c40c081e2ee2d315d1d0b3ae5981d5fd77260e"";
    sha256 = ""sha256-eujYRUw8UpDFgEvjHUPsJ/QJN+A+hzcebfgteM9kvXM="";
  }",pkgs/by-name/xd/xdgcpp/package.nix
64a83be1b4a14f70cec9073f02e6ee62cd059053,sslpsk-pmd3,sslpsk-pmd3,1.0.3,fetchFromGitHub,"fetchFromGitHub {
    owner = ""doronz88"";
    repo = ""sslpsk-pmd3"";
    tag = ""v${version}"";
    hash = ""sha256-ZOPrMZhtHIpE7QMEYGti+ZjqVv93jzb74rG5Fwhjgyw="";
  }",pkgs/development/python-modules/sslpsk-pmd3/default.nix
d6fad593914f7424d8705ec020c2773938589685,python-pcapng,python-pcapng,2.1.1,fetchFromGitHub,"fetchFromGitHub {
    owner = ""rshk"";
    repo = ""python-pcapng"";
    tag = version;
    hash = ""sha256-uyoutb4Hk2Wd3z7UopNxauMLGdYVOAhDNzRKclSr7No="";
  }",pkgs/development/python-modules/python-pcapng/default.nix
1215f612c0c002ba56b041abe7654230b2097615,pykdebugparser,pykdebugparser,1.2.7,fetchFromGitHub,"fetchFromGitHub {
    owner = ""matan1008"";
    repo = ""pykdebugparser"";
    tag = ""v${version}"";
    hash = ""sha256-V6WyFsPcjiBUJ+Amc3xk0GwdHzwakRizB/dPnSXT6vo="";
  }",pkgs/development/python-modules/pykdebugparser/default.nix
c2f120ffa7bf5acdc76def1856730f62e3da798c,developer-disk-image,developer-disk-image,0.2.0,fetchPypi,"fetchPypi {
    pname = ""developer_disk_image"";
    inherit version;
    hash = ""sha256-21aLIuwznYtWsprptCAjDq4yL+ab50zZn9Dv+w7y4o8="";
  }",pkgs/development/python-modules/developer-disk-image/default.nix
5a361fb495423f0de9aaff428edc4f3d5085da86,la-panic,la-panic,0.5.0,fetchFromGitLab,"fetchFromGitLab {
    owner = ""yanivhasbanidev"";
    repo = ""la_panic"";
    tag = version;
    hash = ""sha256-V9VUSp5uvj4jR3oVHdRjvnNDGB1a5bi8elu/ry4jq00="";
  }",pkgs/development/python-modules/la-panic/default.nix
7e40f18735a0e0e8fbe66aeed7f92d898cb95e06,pytun-pmd3,pytun-pmd3,3.0.2,fetchFromGitHub,"fetchFromGitHub {
    owner = ""doronz88"";
    repo = ""pytun-pmd3"";
    tag = ""v${version}"";
    hash = ""sha256-3x+z+O6isgVRbPK+INfG5nG/+Tb2CWvPHg4TosH91so="";
  }",pkgs/development/python-modules/pytun-pmd3/default.nix
c8a155163bedb6d8a37e5bd928cf4492f9ef2848,opack2,opack2,0.0.1,fetchFromGitHub,"fetchFromGitHub {
    owner = ""doronz88"";
    repo = ""opack2"";
    tag = ""v${version}"";
    hash = ""sha256-7kRR4KOR3Wrya2YE8nL5laXrsnI1lSVZMBEij44J+T0="";
  }",pkgs/development/python-modules/opack2/default.nix
9c85c01642864c598d5d305e9542dc1299da23df,remotezip2,remotezip2,0.0.2,fetchFromGitHub,"fetchFromGitHub {
    owner = ""doronz88"";
    repo = ""python-remotezip2"";
    tag = ""v${version}"";
    hash = ""sha256-UyfAoe9pXCGLGPIE2LSLvnIaju+nXt3s7ddGlpmJGUg="";
  }",pkgs/development/python-modules/remotezip2/default.nix
b962adc324075b29880904f1d74fa4c09135408a,lzfse,lzfse,0.4.2,fetchFromGitHub,"fetchFromGitHub {
    owner = ""m1stadev"";
    repo = ""lzfse"";
    tag = ""v${version}"";
    fetchSubmodules = true;
    hash = ""sha256-ER+Hr/WrGCB0uYwsSgB4U8sCPeZ4JlOHoeb5YEGUFFM="";
  }",pkgs/development/python-modules/lzfse/default.nix
b06539e405baae820f7386ebaa03731ee15bfcc6,pylzss,pylzss,0.3.8,fetchFromGitHub,"fetchFromGitHub {
    owner = ""m1stadev"";
    repo = ""pylzss"";
    tag = ""v${version}"";
    hash = ""sha256-Y0u9rFJWYWyJUVEgpLtQHsXu0JpTgRKxFJHB+B3EFyU="";
  }",pkgs/development/python-modules/pylzss/default.nix
d857e97037cc57bb8a78a6d7f41277bb05d68208,inquirer3,inquirer3,0.6.1,fetchFromGitHub,"fetchFromGitHub {
    owner = ""guysalt"";
    repo = ""python-inquirer3"";
    tag = ""v${version}"";
    hash = ""sha256-IReJlwVgjTlTlD0xTVWrzQ0ITvCQvPJ86zCmffaoPk4="";
  }",pkgs/development/python-modules/inquirer3/default.nix
72d1a8aeb004c6eca7389fe8ee788606ffa76cf7,pygnuutils,pygnuutils,0.1.1,fetchFromGitHub,"fetchFromGitHub {
    owner = ""matan1008"";
    repo = ""pygnuutils"";
    tag = ""v${version}"";
    hash = ""sha256-RySqq1V6ad3W53Rp/ZweMPnbM7C3RDm3b6KV/FKQyW0="";
  }",pkgs/development/python-modules/pygnuutils/default.nix
ec1de643814972dfb818d513cd75183452392c13,parameter-decorators,parameter-decorators,0.0.2,fetchFromGitHub,"fetchFromGitHub {
    owner = ""matan1008"";
    repo = ""parameter-decorators"";
    tag = ""v${version}"";
    hash = ""sha256-ZTgUsBc2ArnRPR4k0Od2A571iFfu+oupCxEqzk2cTUQ="";
  }",pkgs/development/python-modules/parameter-decorators/default.nix
a57dccaf8206a10da5578ac75d85669ead787577,gendarme,gendarme,0.3,fetchFromGitHub,"fetchFromGitHub {
    owner = ""bensmrs"";
    repo = ""gendarme"";
    tag = version;
    hash = ""sha256-GWWAbYevd74YYRpyUjEI4rtzuXGZPp4Wa4uUqD6D7l8="";
  }",pkgs/development/ocaml-modules/gendarme/default.nix
6216062a32087c21a66e24a80718ff1eec6c8ba8,drat,drat,0.1.3-unstable-2024-01-07,fetchFromGitHub,"fetchFromGitHub {
    owner = ""jivanpal"";
    repo = ""drat"";
    rev = ""af573b9e067e8b6cbcc4825946e7e636b30c748f"";
    hash = ""sha256-1NmqG73sP25Uqf7DiSPgt7drONOg9ZkrtCS0tYVjSU0="";
  }",pkgs/by-name/dr/drat/package.nix
e12e058f03b90373be0ccac06168ee59cc3bb027,hyprmon,hyprmon,0.0.12,fetchFromGitHub,"fetchFromGitHub {
    owner = ""erans"";
    repo = ""hyprmon"";
    rev = ""v${version}"";
    hash = ""sha256-jZUtdOMmpd75CyjaXdrqXcYxcQ9q7G2YGBHoUUvycX8="";
  }",pkgs/by-name/hy/hyprmon/package.nix
b692ac3877104534238eca8b5c6ddd561ad1a807,dockerfile,dockerfile,8.3.2,fetchFromGitHub,"fetchFromGitHub {
    owner = ""ocurrent"";
    repo = ""ocaml-dockerfile"";
    tag = version;
    hash = ""sha256-L4TjCf8SaNMxqkrr+AoL/Lx2oWgf2owJFs26lu68ejs="";
  }",pkgs/development/ocaml-modules/dockerfile/default.nix
69ad974f1ca533099f79a25d7c1c2e3e650e35bf,freifunk-meshviewer,freifunk-meshviewer,12.6.0,fetchFromGitHub,"fetchFromGitHub {
    owner = ""freifunk"";
    repo = ""meshviewer"";
    tag = ""v${finalAttrs.version}"";
    sha256 = ""sha256-h+0f6RwJip3V7XJ8q8eEov2k09wNwdHOJgR2XUZqkgw="";
  }",pkgs/by-name/fr/freifunk-meshviewer/package.nix
3fe6486b2ac0b76b392fbdbc8cb8149d6b09728b,timelength,timelength,3.0.2,fetchFromGitHub,"fetchFromGitHub {
    owner = ""EtorixDev"";
    repo = ""timelength"";
    tag = ""v${version}"";
    hash = ""sha256-iaAtDkx6jPPB7s+sTQsrfNFiwerSDZ+7y7C9oNNYEmg="";
  }",pkgs/development/python-modules/timelength/default.nix
a79b5ca0c5f558b21bde933cf917cef2d1d374ba,0install-solver,0install-solver,2.18,fetchFromGitHub,"fetchFromGitHub {
    owner = ""0install"";
    repo = ""0install"";
    tag = ""v${finalAttrs.version}"";
    hash = ""sha256-CxADWMYZBPobs65jeyMQjqu3zmm2PgtNgI/jUsYUp8I="";
  }",pkgs/development/ocaml-modules/0install-solver/default.nix
d443501cb0c57c5604aef8c0bfb39c91ebadb440,pgit,pgit,1.1.0,fetchFromGitHub,"fetchFromGitHub {
    owner = ""picosh"";
    repo = ""pgit"";
    rev = ""v${finalAttrs.version}"";
    hash = ""sha256-81ZiaY973+mGnYbDX+6fhe9NTYjQhWsvdpW0v42pasw="";
  }",pkgs/by-name/pg/pgit/package.nix
173b795a64cd2710a98be5636dc54922e8097ed4,code,code,0.2.188,fetchFromGitHub,"fetchFromGitHub {
    owner = ""just-every"";
    repo = ""code"";
    tag = ""v${finalAttrs.version}"";
    hash = ""sha256-xUhgA4poybzFehVgVWHKx1ejhncvYAnug2oxLwGNrk0="";
  }",pkgs/by-name/co/code/package.nix
6a92e489f85299d0177658a1a256401966543364,kitget,kitget,0.0.2,fetchFromGitHub,"fetchFromGitHub {
    owner = ""adamperkowski"";
    repo = ""kitget"";
    tag = ""v${finalAttrs.version}"";
    hash = ""sha256-i26nu5SkcPhqwh+/bw1rz7h8K2u+hhSsOGiLj3sF1RQ="";
  }",pkgs/by-name/ki/kitget/package.nix
6f4198f4320d58ce04fb30ebfc10a267074c1577,tinycmmc,tinycmmc,0.1.0-unstable-2025-07-21,fetchFromGitHub,"fetchFromGitHub {
    owner = ""Grumbel"";
    repo = ""tinycmmc"";
    rev = ""caf1af301e388e97dca31ee7fdc12f17cff34f82"";
    sha256 = ""sha256-62ykvAIfOCXH+3bF1IkR+WukeJBLcYC/4Mv3ptqAxEM="";
  }",pkgs/by-name/ti/tinycmmc/package.nix
c52421c27184696ad7a86aa81191ba6d6734cff9,rapidcsv,rapidcsv,8.89,fetchFromGitHub,"fetchFromGitHub {
    owner = ""d99kris"";
    repo = ""rapidcsv"";
    rev = ""v${finalAttrs.version}"";
    hash = ""sha256-Xs9dNpOU6ZcbYX9AfkWkwMb/Bc7s2GTMUTDOBaO7VDM="";
  }",pkgs/by-name/ra/rapidcsv/package.nix
32277fd18674bd9b9abd7add10ba3c19ad9548a5,ete-unwrapped,ete-unwrapped,0-unstable-2025-08-17,fetchFromGitHub,"fetchFromGitHub {
    owner = ""etfdevs"";
    repo = ""ETe"";
    rev = ""f6a9fda3b82c1ca8fd4536ae928571e93ff91fcc"";
    hash = ""sha256-oTFtUAgkDYtbcw66EFBBFMMUEYWSHYpTAFAv1izqsuo="";
  }",pkgs/by-name/et/ete-unwrapped/package.nix
6079ac3b0f42dfc91014803e1aa7303b6f7afbb6,python-path,python-path,0.1.3,fetchPypi,"fetchPypi {
    pname = ""python_path"";
    inherit version;
    hash = ""sha256-ti2arB2k2u4/A27QiFMs+LaGZtOqEDVn3CK2U5MWyLM="";
  }",pkgs/development/python-modules/python-path/default.nix
26d0328abbdd414202c0c76337c10a4dca638258,live-chart,live-chart,2.0.0,fetchFromGitHub,"fetchFromGitHub {
    owner = ""elementary"";
    repo = ""live-chart"";
    tag = finalAttrs.version;
    hash = ""sha256-X/wdmKw381Fkjcvj7k2AmA/nXWKFFNx5KDNxeWEiqzs="";
  }",pkgs/desktops/pantheon/libraries/live-chart/default.nix
751be5e78052a47fc4bcf2e9201916bca7b0c9f1,tt-system-tools,tt-system-tools,1.4.0,fetchFromGitHub,"fetchFromGitHub {
    owner = ""tenstorrent"";
    repo = ""tt-system-tools"";
    tag = ""v${finalAttrs.version}"";
    hash = ""sha256-ZtEs1XRho/EJShAV6+8Db2wxCK2QQBuNp+TRqb+ZiM4="";
  }",pkgs/by-name/tt/tt-system-tools/package.nix
a12a0bbab054ef8c2f8d11bf8394777202159ec7,swagger-ui-py,swagger-ui-py,25.7.1,fetchFromGitHub,"fetchFromGitHub {
    owner = ""PWZER"";
    repo = ""swagger-ui-py"";
    tag = ""v${version}"";
    hash = ""sha256-yPGt7EG8KvGoI7Unz0E7fn7nG9Ei/h8Q3TDKnuVVRkQ="";
  }",pkgs/development/python-modules/swagger-ui-py/default.nix
dcbdd66331ba18e0354183ef8df554ee3ed819d0,price-parser,price-parser,0.4.0,fetchFromGitHub,"fetchFromGitHub {
    owner = ""scrapinghub"";
    repo = ""price-parser"";
    tag = version;
    hash = ""sha256-9f/+Yw94SVvg9fl9zYR9YEMwAgKHwySG5cysPMomnA0="";
  }",pkgs/development/python-modules/price-parser/default.nix
f5ec4b277fd5f86bfcbcd91b47cce013e2f0bcf6,panzi-json-logic,panzi-json-logic,1.0.1,fetchFromGitHub,"fetchFromGitHub {
    owner = ""panzi"";
    repo = ""panzi-json-logic"";
    tag = ""v${version}"";
    hash = ""sha256-P34+7SckMtiCTZbdKsjztNam+/HWtcVQEnGPMoPBw3g="";
  }",pkgs/development/python-modules/panzi-json-logic/default.nix
8537a9ae4965d1c79e100b214fb2d7b0785d2b85,hledger-fmt,hledger-fmt,0.3.1,fetchFromGitHub,"fetchFromGitHub {
    owner = ""mondeja"";
    repo = ""hledger-fmt"";
    tag = ""v${finalAttrs.version}"";
    hash = ""sha256-5dPKSUJLxQ5WXZefuwr3wLhr3MNzy+dzpJkgKFU0/SE="";
  }",pkgs/by-name/hl/hledger-fmt/package.nix
bf2b7d4ddb2feb1a0ed63a65073b78dace5000dc,jiratui,jiratui,1.2.0,fetchFromGitHub,"fetchFromGitHub {
    owner = ""whyisdifficult"";
    repo = ""jiratui"";
    tag = ""v${version}"";
    hash = ""sha256-2Fxf1pH2HCKtaJ1RYxUPJSuOrTmoy4RBXCLKLQKpwds="";
  }",pkgs/by-name/ji/jiratui/package.nix
f655c05f894f7766f230ce46c2cb67b899865ac8,tsidp,tsidp,0.0.4,fetchFromGitHub,"fetchFromGitHub {
    owner = ""tailscale"";
    repo = ""tsidp"";
    tag = ""v${finalAttrs.version}"";
    hash = ""sha256-u6dQORtB4eNEFLlouuFV5oxedSN1fZ31YkZavfU1F0U="";
  }",pkgs/by-name/ts/tsidp/package.nix
7869bf20c75e2e102376554c0930b91671939f75,smtp-user-enum,smtp-user-enum,0.7.0,fetchFromGitHub,"fetchFromGitHub {
    owner = ""cytopia"";
    repo = ""smtp-user-enum"";
    tag = version;
    hash = ""sha256-2GI//nv87H2zDkkgjAHSx2Zm2Sk0EpxmXQAN+I1K65I="";
  }",pkgs/by-name/sm/smtp-user-enum/package.nix
cb8aa61a2b60574f091d5a703f0571fa14fa6391,trio-typing,trio-typing,0.10.0,fetchFromGitHub,"fetchFromGitHub {
    owner = ""python-trio"";
    repo = ""trio-typing"";
    tag = ""v${version}"";
    hash = ""sha256-6IhPdPj+bHzMyt3uyqfX2UOuCmV8lb6vmgdlc5+9/4g="";
  }",pkgs/development/python-modules/trio-typing/default.nix
e93b153b7d2cf7c4dfa64209369fdf3705d72a73,pydo,pydo,0.17.0,fetchFromGitHub,"fetchFromGitHub {
    owner = ""digitalocean"";
    repo = ""pydo"";
    tag = ""v${version}"";
    hash = ""sha256-Tge8geMR0aP/tUmsrGWdCUvA5tu6Y7KgZv4r5iRtRz8="";
  }",pkgs/development/python-modules/pydo/default.nix
5aabe811772127c7f8bcfa096dde84821777a3cd,cruise,cruise,1.1.0,fetchFromGitHub,"fetchFromGitHub {
    owner = ""NucleoFusion"";
    repo = ""cruise"";
    tag = ""v${finalAttrs.version}"";
    hash = ""sha256-0xIugbLlKlMODbMvsFzQXjKNNGY61tF4P/0loPlfs6o="";
  }",pkgs/by-name/cr/cruise/package.nix
21bd89d4052d0abaa90b20923f3f777b990ff736,librespot-ma,librespot-ma,0.6.0-unstable-2025-08-10,fetchFromGitHub,"fetchFromGitHub {
    owner = ""music-assistant"";
    repo = ""librespot"";
    rev = ""accecb60a16334013c0c99a5ded553794ee871b7"";
    hash = ""sha256-vPiI8llXB6+ahX+iad/Ut81D3iZcTSVmYGDXXwApk/w="";
  }",pkgs/by-name/li/librespot-ma/package.nix
aaf94dac7257b0ba852ff9172934707a13922b14,calceph,calceph,4.0.5,fetchFromGitLab,"fetchFromGitLab {
    domain = ""gitlab.obspm.fr"";
    owner = ""imcce_calceph"";
    repo = ""calceph"";
    tag = ""calceph_${builtins.replaceStrings [ ""."" ] [ ""_"" ] version}"";
    hash = ""sha256-V4Hh3FItBv3zYerNqNPeRJ5Afj3QTfdG3Ps5xeiDASg="";
  }",pkgs/by-name/ca/calceph/package.nix
6c3c3951fb76343e5f8589db3ab0f82cea1d8f30,synchronizer,synchronizer,0.1,fetchFromGitHub,"fetchFromGitHub {
    owner = ""OCamlPro"";
    repo = ""synchronizer"";
    tag = version;
    hash = ""sha256-VlKqORXTXafT88GXHIYkz+A1VkEL3jP9SMqDdMyEdrw="";
  }",pkgs/development/ocaml-modules/synchronizer/default.nix
8d665b5b7aa29cd7a0235e9b129529a4090bd3d3,pluginval,pluginval,1.0.4,fetchFromGitHub,"fetchFromGitHub {
    owner = ""Tracktion"";
    repo = ""pluginval"";
    tag = ""v${finalAttrs.version}"";
    hash = ""sha256-j4Lb3pcw0931o63OvTTaIm2UzvYDIjmnaCXGvKB4gwM="";
    fetchSubmodules = true;
  }",pkgs/by-name/pl/pluginval/package.nix
d20cfa8f5f4bfd576c6da5fca8b2b0c3ec4cb454,ctagdrc,ctagdrc,0.1.1,fetchFromGitHub,"fetchFromGitHub {
    owner = ""BillyDM"";
    repo = ""CTAGDRC"";
    tag = finalAttrs.version;
    hash = ""sha256-szBI8ESJz1B/JuGcZD8D53c1yJeUW1uK4GewQExtD9Q="";
    fetchSubmodules = true;
  }",pkgs/by-name/ct/ctagdrc/package.nix
a0bf33115e5b7044bb93a48ece2b404b4e42ccb0,lacy,lacy,0.5.1,fetchFromGitHub,"fetchFromGitHub {
    owner = ""timothebot"";
    repo = ""lacy"";
    tag = ""v${finalAttrs.version}"";
    hash = ""sha256-blQPIw8Ct+TGRuy+ybYr9rdlfOZdvAbhsB8sfwugS/w="";
  }",pkgs/by-name/la/lacy/package.nix
39dafd799f38996f47927399c22e6be67ba1c3b5,moxnotify,moxnotify,0.1.0,fetchFromGitHub,"fetchFromGitHub {
    owner = ""mox-desktop"";
    repo = ""moxnotify"";
    rev = ""6726af08621072e0c95a147cf4ae63ea66c7e857"";
    hash = ""sha256-tTgY/813WaW3K8QKbj6qwCVKOAA8zMqy97Q7Z5qA0JM="";
  }",pkgs/by-name/mo/moxnotify/package.nix
dad647d699081d36f19f1cca840b4428ebb9bccd,hygg,hygg,0.1.19,fetchFromGitHub,"fetchFromGitHub {
    owner = ""kruseio"";
    repo = ""hygg"";
    tag = ""${finalAttrs.version}"";
    hash = ""sha256-wxgHlRqe/g9LppWWTzft9hTA8heuFvGkKvA7nG2PsxA="";
  }",pkgs/by-name/hy/hygg/package.nix
372b1b3f23c9c522c22a7d890982c7d1020f945e,rendercanvas,rendercanvas,2.2.1,fetchFromGitHub,"fetchFromGitHub {
    owner = ""pygfx"";
    repo = ""rendercanvas"";
    tag = ""v${version}"";
    hash = ""sha256-6vvPIu+Zi+9ndcWHP43X0Qd+XCO7+tr8XCFm+bwCazE="";
  }",pkgs/development/python-modules/rendercanvas/default.nix
2b2f2574bf3601e8b4ab54e43ccadc048473abd3,terraform-backend,terraform-backend,0.1.3,fetchFromGitHub,"fetchFromGitHub {
    owner = ""nimbolus"";
    repo = ""terraform-backend"";
    tag = ""v${finalAttrs.version}"";
    hash = ""sha256-S3ih7dLSQs3xJMHyQyWy43OG1maizBPVT8IsrWcSRUM="";
  }",pkgs/by-name/te/terraform-backend/package.nix
40d65767fab9bd171a7af8ab605c19f563a33736,ticketbooth,ticketbooth,1.2.0,fetchFromGitHub,"fetchFromGitHub {
    owner = ""aleiepure"";
    repo = ""ticketbooth"";
    tag = ""v${version}"";
    hash = ""sha256-eP5wYNusBcQLMu4MljfcO9QLY74v5Sb8gITx5dDVLpM="";
  }",pkgs/by-name/ti/ticketbooth/package.nix
fcb4e4480c548aaf5f3d775feea50840e549b4ea,pytest-pycodestyle,pytest-pycodestyle,2.5.0,fetchFromGitHub,"fetchFromGitHub {
    owner = ""henry0312"";
    repo = ""pytest-pycodestyle"";
    tag = ""v${version}"";
    hash = ""sha256-X/vacxI0RFHIqlZ2omzvvFDePS/SZYSFQHEmfcbvf/4="";
  }",pkgs/development/python-modules/pytest-pycodestyle/default.nix
74728b8b4ef8a902827a61ee7d821aa41588368d,ovhcloud-cli,ovhcloud-cli,0.5.0,fetchFromGitHub,"fetchFromGitHub {
    owner = ""ovh"";
    repo = ""ovhcloud-cli"";
    tag = ""v${finalAttrs.version}"";
    hash = ""sha256-vf8z2jOcN76BIS6AamWxrBIVUMxlerd4dNwVxpuxQZg="";
  }",pkgs/by-name/ov/ovhcloud-cli/package.nix
eb6d0c29a2dddf3a596c9d112b2436b5cc9fab45,ripplerx,ripplerx,1.5.18,fetchFromGitHub,"fetchFromGitHub {
    owner = ""tiagolr"";
    repo = ""ripplerx"";
    tag = ""v${finalAttrs.version}"";
    hash = ""sha256-lHLAJ8eCmn/WFYxGl/zIq8a2xPKqzpB7tilffJcXhM4="";
    fetchSubmodules = true;
  }",pkgs/by-name/ri/ripplerx/package.nix
a7d95643693b71373a3c82a81b85a6d9360f441f,gonzo,gonzo,0.2.1,fetchFromGitHub,"fetchFromGitHub {
    owner = ""control-theory"";
    repo = ""gonzo"";
    tag = ""v${finalAttrs.version}"";
    hash = ""sha256-P8Ntt8Dj5zq+Ff5MkZEvWabk2w5Cm6tXxl3ssMxDNok="";
  }",pkgs/by-name/go/gonzo/package.nix
45531d9caac4643208d666da229652fea130d1b7,petsctools,petsctools,2025.2,fetchFromGitHub,"fetchFromGitHub {
    owner = ""firedrakeproject"";
    repo = ""petsctools"";
    tag = version;
    hash = ""sha256-DC0jFybDEacA6otYvID5DfbUe1ANz5W4UmPXCSsRvOo="";
  }",pkgs/development/python-modules/petsctools/default.nix
983ae777414d3cbd8ebb08cb8227c8c30747cb9d,redland-wayland,redland-wayland,0.1.0,fetchFromGitHub,"fetchFromGitHub {
    owner = ""domenkozar"";
    repo = ""redland"";
    tag = ""v${version}"";
    hash = ""sha256-iZtRpxloZzneAQ6+5cW0x1E7Qbx/8i9PqkpOHbCZ4Qk="";
  }",pkgs/by-name/re/redland-wayland/package.nix
1ab76fda977e6dea36f6b5cc92670b28c5b3eb53,cachet,cachet,0.0.2,fetchurl,"fetchurl {
    url = ""https://github.com/robur-coop/cachet/releases/download/v${finalAttrs.version}/cachet-${finalAttrs.version}.tbz"";
    hash = ""sha256:7cf3d609523592516ee5570c106756168d9dca264412a0ef4085d9864c53cbad"";
  }",pkgs/development/ocaml-modules/cachet/default.nix
85172a306bff0e13b619f0ee759ddcfc01de1c31,mdserve,mdserve,0.4.0,fetchFromGitHub,"fetchFromGitHub {
    owner = ""jfernandez"";
    repo = ""mdserve"";
    tag = ""v${finalAttrs.version}"";
    hash = ""sha256-OCdWoQzmCvKo8EfLAczBud1FfY3vRMk7mivjhsqE840="";
  }",pkgs/by-name/md/mdserve/package.nix
e59957e003215b7e2cfeeb31692b52eafd2575cd,linyaps-web-store-installer,linyaps-web-store-installer,1.6.8,fetchFromGitHub,"fetchFromGitHub {
    owner = ""OpenAtom-Linyaps"";
    repo = ""linyaps-web-store-installer"";
    rev = finalAttrs.version;
    hash = ""sha256-KbtGoXzxZmo6x1bvzDZbwp/wl+dBojB6E+K87CAkI7g="";
  }",pkgs/by-name/li/linyaps-web-store-installer/package.nix
a667c6a86c078a21e6d012e249e804f6a5a269ab,poselib,poselib,2.0.5,fetchFromGitHub,"fetchFromGitHub {
    owner = ""PoseLib"";
    repo = ""PoseLib"";
    rev = ""v${final.version}"";
    hash = ""sha256-fARRKT2UoPuuk9FOOsBdrACwGiGXWg/mLV4R0QIjeak="";
  }",pkgs/by-name/po/poselib/package.nix
a0ba392b048a3b346c144c0a58d0e691ab9ee5e5,bulletty,bulletty,0.1.7,fetchFromGitHub,"fetchFromGitHub {
    owner = ""CrociDB"";
    repo = ""bulletty"";
    tag = ""v${finalAttrs.version}"";
    hash = ""sha256-ceXHrsxUSDx4orlHTOdynYKDID/uvp8NxVMei1EqDA8="";
  }",pkgs/by-name/bu/bulletty/package.nix
35e9a405b18599d6601c60293a6f1053dcfca974,mbmd,mbmd,0.13-unstable-2025-08-08,fetchFromGitHub,"fetchFromGitHub {
    inherit rev;
    owner = ""volkszaehler"";
    repo = ""mbmd"";
    hash = ""sha256-HdldLF9+QgaIvGG8lAENvUiPonMwrdHUphGRSmaeRj8="";
  }",pkgs/by-name/mb/mbmd/package.nix
c821dc3bc6ab812b2d0fd1745cb4ba7282ad1b6f,sigstore-models,sigstore-models,0.0.5,fetchFromGitHub,"fetchFromGitHub {
    owner = ""astral-sh"";
    repo = ""sigstore-models"";
    tag = ""v${version}"";
    hash = ""sha256-zlIZzfgHZPEuiZu3JNX74Cg1jPNaO1HUhMtpxoyOoqk="";
  }",pkgs/development/python-modules/sigstore-models/default.nix
02720349e3a57029e0baff510f5a5b44a9a8313d,color-matcher,color-matcher,0.6.0,fetchPypi,"fetchPypi {
    inherit pname version;
    hash = ""sha256-e6igB4LD5eWTHdp7H7nFcqzoLeDGyXZUQyt8/gqnSEM="";
  }",pkgs/development/python-modules/color-matcher/default.nix
b8f1d99ca276591e469301b2b7fda2acaf0c43c6,tree-sitter-zeek,tree-sitter-zeek,0.2.9,fetchFromGitHub,"fetchFromGitHub {
    owner = ""zeek"";
    repo = ""tree-sitter-zeek"";
    tag = ""v${version}"";
    hash = ""sha256-0ixZAJ940mYIPD//RJVJ3PAVdY/jtYNJ5+WIlq+zfnY="";
  }",pkgs/development/python-modules/tree-sitter-zeek/default.nix
73fb7196bad64aa9ac9f5879f0626fba271af7ae,cosmic-ext-applet-caffeine,cosmic-ext-applet-caffeine,2025-09-29,fetchFromGitHub,"fetchFromGitHub {
    owner = ""tropicbliss"";
    repo = ""cosmic-ext-applet-caffeine"";
    rev = ""a43db670e03894ff402fa19eec3d60f7c7bf663c"";
    hash = ""sha256-0hIc62FdjIGU028z8/WCx2q317e+PCA25CSibBVi/p0="";
  }",pkgs/by-name/co/cosmic-ext-applet-caffeine/package.nix
7e310754cedad9054669ab8fa9d8ab6c58e2eee7,openspeedrun,openspeedrun,0.3.3,fetchFromGitHub,"fetchFromGitHub {
    owner = ""SrWither"";
    repo = ""OpenSpeedRun"";
    tag = ""v${finalAttrs.version}"";
    hash = ""sha256-EZPApXUVhsaOYa6CnpR8IWeEoHEl89KJGGoBOYFqBV0="";
  }",pkgs/by-name/op/openspeedrun/package.nix
126480b1b080fa9f8667594820b9dd63a8238ffd,elementary-maps,elementary-maps,8.1.0,fetchFromGitHub,"fetchFromGitHub {
    owner = ""elementary"";
    repo = ""maps"";
    tag = finalAttrs.version;
    hash = ""sha256-tS8UnW/oNjLaUZ1XgGuAmeMrHEa2jbtBc0xMcTKki1k="";
  }",pkgs/desktops/pantheon/apps/elementary-maps/default.nix
6e0d51b96438921ceda97eba8f7a9c428c7931d2,claude-code-acp,claude-code-acp,0.4.5,fetchFromGitHub,"fetchFromGitHub {
    owner = ""zed-industries"";
    repo = ""claude-code-acp"";
    tag = ""v${finalAttrs.version}"";
    hash = ""sha256-kkAQuYP2S5EwIGJV8TLrlYzHOC54vmxEHwwuZD5P1hI="";
  }",pkgs/by-name/cl/claude-code-acp/package.nix
ca9ad858fb1e16a5a7e22c43f3beb96251e43740,momonga,momonga,0.1.5,fetchFromGitHub,"fetchFromGitHub {
    owner = ""nbtk"";
    repo = ""momonga"";
    tag = ""v${version}"";
    hash = ""sha256-sc81L71DJq+XiIYUSMH6knfaPfV7cng/Sp0ZTY6N7ZI="";
  }",pkgs/development/python-modules/momonga/default.nix
07ea07d45294240248df22ddb1c7c22d6e6f1171,pluginlib,pluginlib,0.10.0,fetchFromGitHub,"fetchFromGitHub {
    owner = ""Rockhopper-Technologies"";
    repo = ""pluginlib"";
    tag = ""${version}"";
    hash = ""sha256-mt3VE8iJPCmbws8bAdYMK9to446z8FQtsMZOlkLVUIU="";
  }",pkgs/development/python-modules/pluginlib/default.nix
1c882889c45ce473888b36a94f8ef0f35d2891fe,irm-kmi-api,irm-kmi-api,1.1.0,fetchFromGitHub,"fetchFromGitHub {
    owner = ""jdejaegh"";
    repo = ""irm-kmi-api"";
    tag = version;
    hash = ""sha256-E8lf2TpeA91mRbxXYCsuum0mJdE5XLXX0l8CKEl5SFw="";
  }",pkgs/development/python-modules/irm-kmi-api/default.nix
a1f5841e583de97aa9c65f679848d34400e3ce31,yatto,yatto,0.18.1,fetchFromGitHub,"fetchFromGitHub {
    owner = ""handlebargh"";
    repo = ""yatto"";
    tag = ""v${finalAttrs.version}"";
    hash = ""sha256-GI/Q9lI6SqIOSYi5shMKlgegS8WdlWSFsPs7WLCB6Qg="";
  }",pkgs/by-name/ya/yatto/package.nix
6f059086af1a5c98c5a928180829e7d1eb77c54d,libvirt-dbus,libvirt-dbus,1.4.1,fetchFromGitLab,"fetchFromGitLab {
    owner = ""libvirt"";
    repo = ""libvirt-dbus"";
    tag = ""v${finalAttrs.version}"";
    hash = ""sha256-S4QktQmcnTte4XsIcgc5dkA8LjMJaOD2lljS01WT0dk="";
  }",pkgs/by-name/li/libvirt-dbus/package.nix
fa9ebfa44d828d1ab8f9563790dd9cdfa87d1625,pyportainer,pyportainer,1.0.1,fetchFromGitHub,"fetchFromGitHub {
    owner = ""erwindouna"";
    repo = ""pyportainer"";
    tag = ""v${version}"";
    hash = ""sha256-SAHcIP6M4WjWnrRwz4FlsV6rel1vHzH+cGHT8D/PcQk="";
  }",pkgs/development/python-modules/pyportainer/default.nix
664b29a0eea10730ca06a13fa946ba9a5f1f9f64,gitlab-ci-linter,gitlab-ci-linter,2.4.0,fetchFromGitLab,"fetchFromGitLab {
    owner = ""orobardet"";
    repo = ""gitlab-ci-linter"";
    tag = ""v${finalAttrs.version}"";
    hash = ""sha256-zH7eeAJzazDf4LnfBxFKMIPIB4Gx4rn7DCEqBV5zIWo="";
  }",pkgs/by-name/gi/gitlab-ci-linter/package.nix
faa6893b66a5e512910c8bcbf2deb9b6977b99f7,peakutils,peakutils,1.3.5,fetchPypi,"fetchPypi {
    inherit pname version;
    hash = ""sha256-T/Ln8zMLkwJP6Noe4E4AOJ4mvLLveb0vnPhszUli4RQ="";
  }",pkgs/development/python-modules/peakutils/default.nix
a11e8d076eeaca3edcff35e1df1840564c377c9d,busylight-core,busylight-core,0.15.2,fetchFromGitHub,"fetchFromGitHub {
    owner = ""JnyJny"";
    repo = ""busylight-core"";
    tag = ""v${version}"";
    hash = ""sha256-r7mAKD/uodY5RRklYL6u2HTdcU+rt6taTpBkTB/Sv9Y="";
  }",pkgs/development/python-modules/busylight-core/default.nix
8d85b6d71bdd4f70ac339007efda9b67cf03b737,starsessions,starsessions,2.2.1,fetchFromGitHub,"fetchFromGitHub {
    owner = ""alex-oleshkevich"";
    repo = ""starsessions"";
    tag = ""v${version}"";
    hash = ""sha256-JI044sn6LQI37PvSLdz2dooa3v5qdHmp6DZD0p7VzJU="";
  }",pkgs/development/python-modules/starsessions/default.nix
c0f2682bb424ca6b3dbb8016357eae5cc455c399,benhsm-minesweeper,benhsm-minesweeper,0.3.1,fetchFromGitHub,"fetchFromGitHub {
    owner = ""benhsm"";
    repo = ""minesweeper"";
    tag = ""v${finalAttrs.version}"";
    hash = ""sha256-4ahevo/dogjcJ6GRqVZKYapy1x16F+U6vEsgpt2RdiE="";
  }",pkgs/by-name/be/benhsm-minesweeper/package.nix
ba2472457b0be19d6995395f27a230701d9e0cc0,pwmenu,pwmenu,0.3.0,fetchFromGitHub,"fetchFromGitHub {
    owner = ""e-tho"";
    repo = ""pwmenu"";
    tag = ""v${version}"";
    hash = ""sha256-Q02kOMC6oQ3fNyDWW9ztLgMs3wR4cA53/wmkbecTr/o="";
  }",pkgs/by-name/pw/pwmenu/package.nix
d2d20b91c809d71ba6bae2abb604bdd80517d677,lely-core,lely-core,2.3.5,fetchFromGitLab,"fetchFromGitLab {
    owner = ""lely_industries"";
    repo = ""lely-core"";
    tag = ""v${finalAttrs.version}"";
    hash = ""sha256-PuNE/lKsNNd4KDEcSsaz+IfP2hgT5M5VgLY1kVy1KCc="";
  }",pkgs/by-name/le/lely-core/package.nix
cd2090d9d12f9b0da4bf814d5166101dda3e038a,radicle-native-ci,radicle-native-ci,0.11.1,fetchFromRadicle,"fetchFromRadicle {
    seed = ""seed.radicle.xyz"";
    repo = ""z3qg5TKmN83afz2fj9z3fQjU8vaYE"";
    node = ""z6MkgEMYod7Hxfy9qCvDv5hYHkZ4ciWmLFgfvm3Wn1b2w2FV"";
    tag = ""v${finalAttrs.version}"";
    hash = ""sha256-OjQBq4QopT4dr1/z73fqlGLjQIjUY51/II9m2qQMW1w="";
  }",pkgs/by-name/ra/radicle-native-ci/package.nix
9a70845186c7b335de8e54e1962ab96b7ebe355d,radicle-ci-broker,radicle-ci-broker,0.21.0,fetchFromRadicle,"fetchFromRadicle {
    seed = ""seed.radicle.xyz"";
    repo = ""zwTxygwuz5LDGBq255RA2CbNGrz8"";
    node = ""z6MkgEMYod7Hxfy9qCvDv5hYHkZ4ciWmLFgfvm3Wn1b2w2FV"";
    tag = ""v${finalAttrs.version}"";
    hash = ""sha256-c0Qo6dnR9rP4mLXODkNZp+AnhKS0tqJeh1KgzfHBRV4="";
    leaveDotGit = true;
    postFetch = ''
      git -C $out rev-parse --short HEAD > $out/.git_head
      rm -rf $out/.git
    '';
  }",pkgs/by-name/ra/radicle-ci-broker/package.nix
1981a619ae761a7b8b689cde90d451c14e3f0d5f,typr,typr,1.0.1.21,fetchFromGitHub,"fetchFromGitHub {
    owner = ""DriftingOtter"";
    repo = ""Typr"";
    tag = version;
    hash = ""sha256-49e5tnX/vea3xLJP62Sj2gCdjbfsulIU48X/AR/3IBI="";
  }",pkgs/by-name/ty/typr/package.nix
ee18acafa820645b82b300582af9df92497fd260,prometheus-storagebox-exporter,prometheus-storagebox-exporter,0-unstable-2025-07-28,fetchFromGitHub,"fetchFromGitHub {
    owner = ""fleaz"";
    repo = ""prometheus-storagebox-exporter"";
    hash = ""sha256-HGUAvoLIVXwZT/CJ1yj9H6ClNRwiJ8rjjluAQ6GdBME="";
    rev = ""e03cfd5f60f7847b74de2f6f47690bc03b7c157a"";
  }",pkgs/by-name/pr/prometheus-storagebox-exporter/package.nix
81951e6dd6b5c4a5e71a47f6c82000012e407e48,integratorxx,integratorxx,0-unstable-2025-09-09,fetchFromGitHub,"fetchFromGitHub {
    owner = ""wavefunction91"";
    repo = ""IntegratorXX"";
    rev = ""1369be58d7a3235dac36d75dd964fef058830622"";
    hash = ""sha256-+ZThFqJ9Z1aTpwoVIbnAZ7VkFVdHxpjpnylYVxtB6jA="";
  }",pkgs/by-name/in/integratorxx/package.nix
3e5cde76e5e4f9763d400a1d01f09cc070920856,iamdata,iamdata,0.1.202509241,fetchFromGitHub,"fetchFromGitHub {
    owner = ""cloud-copilot"";
    repo = ""iam-data-python"";
    tag = ""v${version}"";
    hash = ""sha256-bZkU+9wrFqokw8/6FzjoCu2vNUWcJRNj8f6b+XCFKlc="";
  }",pkgs/development/python-modules/iamdata/default.nix
a91a232d1077c9ddcfe8c6cbf09b1fd2ef69dee4,cocom-tool-set,cocom,0.996,fetchurl,"fetchurl {
    url = ""mirror://sourceforge/cocom/cocom-${finalAttrs.version}.tar.gz"";
    hash = ""sha256-4UOrVW15o17zHsHiQIl8m4qNC2aT5QorbkfX/UsgBRk="";
  }",pkgs/by-name/co/cocom-tool-set/package.nix
cbd996f1f620781445b585821a2ef1e0253c5fc9,lcagent,lcagent,0.1.0,fetchFromGitea,"fetchFromGitea {
    domain = ""codeberg.org"";
    owner = ""librecast"";
    repo = ""lcagent"";
    tag = finalAttrs.version;
    hash = ""sha256-Kr3VQ56V+Neo4CrKX5AasuftXNNJCx4NnsPz1UBBCog="";
  }",pkgs/by-name/lc/lcagent/package.nix
2aa4bd6d50a6293e972883ddbdd9e546a17440d2,pixelmatch,pixelmatch,0.3.0,fetchgit,"fetchgit {
    url = ""https://github.com/whtsky/pixelmatch-py.git"";
    tag = ""v${version}"";
    hash = ""sha256-xq0LT7v83YRz0baw24iDXiuUxiNPMEsiZNIewsH3JPw="";
    fetchLFS = true;
  }",pkgs/development/python-modules/pixelmatch/default.nix
d20b0897def4ab2c5a48c0839ccaac8efa391a08,nightdiamond-cursors,nightdiamond-cursors,0-unstable-2025-09-23,fetchFromGitHub,"fetchFromGitHub {
    owner = ""santoshxshrestha"";
    repo = ""NightDiamond-cursors"";
    rev = ""3ff3c0486430a4901b4d5cbbee87a370aa2b8ce9"";
    hash = ""sha256-huruHo5w7Qrte1+nIiz+P1xPNDGrv5/eByHwaSlZYwQ="";
  }",pkgs/by-name/ni/nightdiamond-cursors/package.nix
b8edfce11e1bcc216dcaefa6535e50e72cbf4748,mkdocs-include-markdown-plugin,mkdocs-include-markdown-plugin,7.1.6,fetchPypi,"fetchPypi {
    pname = ""mkdocs_include_markdown_plugin"";
    inherit version;
    hash = ""sha256-oHU8uCcEwQoofx54n8mEj4K2vrh0mBSySwPdn2eBZnc="";
  }",pkgs/development/python-modules/mkdocs-include-markdown-plugin/default.nix
54d5e924a3270cdc6e0c0721c49b6fee79932c7b,jj-pre-push,jj-pre-push,0.2.1,fetchFromGitHub,"fetchFromGitHub {
    owner = ""acarapetis"";
    repo = ""jj-pre-push"";
    tag = ""v${version}"";
    hash = ""sha256-9HyVWxYmemF/K3ttQ0L1lZF/XFkSeqwli/Mm+FFI8lQ="";
  }",pkgs/by-name/jj/jj-pre-push/package.nix
e52b1e1085cab96c59504d8387e5952629bbc3cd,affine-gaps,affine-gaps,0.2.3,fetchFromGitHub,"fetchFromGitHub {
    owner = ""gata-bio"";
    repo = ""affine-gaps"";
    tag = ""v${version}"";
    hash = ""sha256-GP6Ahp1LQYnKp9V7jDEeFsntMC9Qav5kWm+5bSldtyM="";
  }",pkgs/development/python-modules/affine-gaps/default.nix
7d75b5a7cda66ff9b51632c0c6cca1c5a2428e3a,aks-mcp-server,aks-mcp-server,0.0.8,fetchFromGitHub,"fetchFromGitHub {
    owner = ""Azure"";
    repo = ""aks-mcp"";
    rev = ""v${finalAttrs.version}"";
    hash = ""sha256-DLdNMMsBu/FpE1+39vydWLAXrotIeQ7xjnaFBYsovQQ="";
  }",pkgs/by-name/ak/aks-mcp-server/package.nix
2513c4b74a3511d0307c5e2953f3fef1c7788e86,egctl,egctl,1.5.1,fetchFromGitHub,"fetchFromGitHub {
    owner = ""envoyproxy"";
    repo = ""gateway"";
    tag = ""v${finalAttrs.version}"";
    hash = ""sha256-glOnAnNuefdTq4BOd1NKpsadrWEqVOOc18jPx7lEwEQ="";
  }",pkgs/by-name/eg/egctl/package.nix
6c7a5931b7d05570b4cc1831a1843dd7eecfc4a3,gotip,gotip,0.5.0,fetchFromGitHub,"fetchFromGitHub {
    owner = ""lusingander"";
    repo = ""gotip"";
    tag = ""v${finalAttrs.version}"";
    hash = ""sha256-z5Xk+lTDAvkMOJAR6eIC6rg+CP9wv+CSANdgj+KmPjA="";
  }",pkgs/by-name/go/gotip/package.nix
01f8cc61fe8160612528f1c98732170786d31168,dissect-cramfs,dissect-cramfs,1.0,fetchFromGitHub,"fetchFromGitHub {
    owner = ""fox-it"";
    repo = ""dissect.cramfs"";
    tag = version;
    hash = ""sha256-0BHt7v2sI9uxZFUVsTkPZHy+wC6twaHeBmgH04anmp0="";
  }",pkgs/development/python-modules/dissect-cramfs/default.nix
2445df41981877574ef63b423506f13393661321,yaookctl,yaookctl,0-unstable-2025-08-25,fetchFromGitLab,"fetchFromGitLab {
    owner = ""yaook"";
    repo = ""yaookctl"";
    rev = ""205fab35f6680d15d86ef3596fe8a12590e3916c"";
    hash = ""sha256-V30581TeBtk/IvqBebsyT2lJ8bp8UkCH4AIy+mnnzCc="";
  }",pkgs/by-name/ya/yaookctl/package.nix
774303d8277714c553d10444c707a9ac09d9d014,saiph,saiph,2.0.3,fetchFromGitHub,"fetchFromGitHub {
    owner = ""octopize"";
    repo = ""saiph"";
    tag = ""saiph-v${version}"";
    hash = ""sha256-8AbV3kjPxjZo28CgahfbdNl9+ESWOfUt8YT+mWwbo5Q="";
  }",pkgs/development/python-modules/saiph/default.nix
b2bc74053fbf353d5c45bb788353ff8325e59459,hyprviz,hyprviz,0.6.1,fetchFromGitHub,"fetchFromGitHub {
    owner = ""timasoft"";
    repo = ""hyprviz"";
    tag = ""v${finalAttrs.version}"";
    hash = ""sha256-xiAP5Xy30IokRcR25ObXLeM7qKjVXgEv9fQZA2KDxOA="";
  }",pkgs/by-name/hy/hyprviz/package.nix
ca1deead6800c81e80628cc8fa827d9dc696ed8a,jetuml,jetuml,3.9,fetchurl,"fetchurl {
    url = ""https://github.com/prmr/JetUML/releases/download/v${finalAttrs.version}/JetUML-${finalAttrs.version}.jar"";
    hash = ""sha256-wACGbHeRQ5rXcuI1J3eTfQraWp8eWtkIAPo7BNGcFUU="";
  }",pkgs/by-name/je/jetuml/package.nix
213f7a3b1606f62de82634df4934961a967bc40b,snowemu,snowemu,1.1.0,fetchFromGitHub,"fetchFromGitHub {
    owner = ""twvd"";
    repo = ""snow"";
    tag = ""v${finalAttrs.version}"";
    hash = ""sha256-m3CPKswOB2j2r/BTf9RzCvwPVq3gbKemtk11HKS1nHk="";
    fetchSubmodules = true;
  }",pkgs/by-name/sn/snowemu/package.nix
8be638759f35fb3ca70c77c2309ae34a9273a4d6,linyaps-box,linyaps-box,2.1.0,fetchFromGitHub,"fetchFromGitHub {
    owner = ""OpenAtom-Linyaps"";
    repo = ""linyaps-box"";
    rev = finalAttrs.version;
    hash = ""sha256-Pdhb7dwAabDfhxmEifZblxEi9F4OUIDPx1X07f2AwPE="";
  }",pkgs/by-name/li/linyaps-box/package.nix
73c46577d4dc9211b8f3ad393565905c4f71ae85,hx-lsp,hx-lsp,0.2.11,fetchFromGitHub,"fetchFromGitHub {
    owner = ""erasin"";
    repo = ""hx-lsp"";
    tag = finalAttrs.version;
    hash = ""sha256-wTilbEK3BZehklAd+3SS2tW/vc8WEeMPUsYdDVRC/Ho="";
  }",pkgs/by-name/hx/hx-lsp/package.nix
ef4adebc71f6ac1af296f06a8eede7042c900303,tmuxai,tmuxai,1.1.1,fetchFromGitHub,"fetchFromGitHub {
    owner = ""alvinunreal"";
    repo = ""tmuxai"";
    tag = ""v${finalAttrs.version}"";
    hash = ""sha256-L3PFyNkvEHfZ2pZFaurFKwHjhdZ+YBXtN2QuKFvktP4="";
  }",pkgs/by-name/tm/tmuxai/package.nix
6e616015251aef27732e4a324f4cdb6fe00f2c03,prisma-language-server,prisma-language-server,6.16.2,fetchFromGitHub,"fetchFromGitHub {
    owner = ""prisma"";
    repo = ""language-tools"";
    tag = ""${finalAttrs.version}"";
    hash = ""sha256-UZP0pLcbMeaYI0ytOJ68l/ZEC9dBhohJZyTU99p+1QM="";
  }",pkgs/by-name/pr/prisma-language-server/package.nix
8432ab232e64d1cb33f88b773a8aa2e3191f08dd,flatlatex,flatlatex,0.15,fetchPypi,"fetchPypi {
    inherit pname version;
    hash = ""sha256-UXDhvNT8y1K9vf8wCxS2hzBIO8RvaiqJ964rsCTk0Tk="";
  }",pkgs/development/python-modules/flatlatex/default.nix
e0c829f65a80e78ecebc48f8ae1d89e25b835c87,gklib,gklib,5.1.1-unstable-2023-03-27,fetchFromGitHub,"fetchFromGitHub {
    owner = ""KarypisLab"";
    repo = ""GKlib"";
    rev = ""8bd6bad750b2b0d90800c632cf18e8ee93ad72d7"";
    hash = ""sha256-tunepMLaRDR5FQVL/9S7/w6e1j+f2+pg01H/0/z/ZCI="";
  }",pkgs/by-name/gk/gklib/package.nix
d80652857e5376b4edc82186d426f0cd547934e7,gophertube,gophertube,2.8.0,fetchFromGitHub,"fetchFromGitHub {
    owner = ""KrishnaSSH"";
    repo = ""GopherTube"";
    tag = ""v${finalAttrs.version}"";
    hash = ""sha256-0TStXYghfRR11ETJcK2lnkBtS2IUy/YgeFFn0wXpeOU="";
  }",pkgs/by-name/go/gophertube/package.nix
2d31447b252570f13ef7453f7d34882f46ab3538,vaporizer2,vaporizer2,3.5.0-unstable-2024-09-14,fetchFromGitHub,"fetchFromGitHub {
    owner = ""VASTDynamics"";
    repo = ""Vaporizer2"";
    rev = ""1c56c4be304255f1c397dad725ea784f15a55ef5"";
    hash = ""sha256-/J0HqiXc84JEIsEyb1MlzAqpmJZEe8jP07fEcJSEZz8="";
    fetchSubmodules = true;
  }",pkgs/by-name/va/vaporizer2/package.nix
4238e9a0693499a75babfaaf608506c30afaeda5,zeno,zeno,2.0.15,fetchFromGitHub,"fetchFromGitHub {
    owner = ""internetarchive"";
    repo = ""Zeno"";
    tag = ""v${finalAttrs.version}"";
    hash = ""sha256-NLvpPM5AQx4svAFrZ+be+Xr0bErOg3Q8y2YxdpX9lYs="";
  }",pkgs/by-name/ze/zeno/package.nix
1e66baf758ea888bb7e3fe67bd81038131465bfd,tektoncd-cli-pac,tektoncd-cli-pac,0.37.0,fetchFromGitHub,"fetchFromGitHub {
    owner = ""openshift-pipelines"";
    repo = ""pipelines-as-code"";
    tag = ""v${finalAttrs.version}"";
    hash = ""sha256-ti8IDslgSPTITrzjVRio1zsV92u505ySr16GfRKxtp8="";
  }",pkgs/by-name/te/tektoncd-cli-pac/package.nix
01174307fc0c228ce2624e70ebcb8bef4b3a5369,cron-converter,cron-converter,1.2.2,fetchFromGitHub,"fetchFromGitHub {
    owner = ""Sonic0"";
    repo = pname;
    rev = ""v${version}"";
    hash = ""sha256-XpkpEMurRrhq1S4XnhPRW5CCBk+HzljOSQfZ98VJ7UE="";
  }",pkgs/development/python-modules/cron-converter/default.nix
05810d4eb44fa65223cda52e93e3922df70d6bbb,l8w8jwt,l8w8jwt,2.5.0,fetchFromGitea,"fetchFromGitea {
    domain = ""codeberg.org"";
    owner = ""GlitchedPolygons"";
    repo = ""l8w8jwt"";
    tag = finalAttrs.version;
    fetchSubmodules = true;
    hash = ""sha256-aR3r84AYvCNx3jm9lB1qtbbEh9rU3LTkI+TK9LPQaPk="";
  }",pkgs/by-name/l8/l8w8jwt/package.nix
b20f397ed06188a3014e0ccf51d7eb0d2c414263,everett,everett,3.4.0,fetchFromGitHub,"fetchFromGitHub {
    owner = ""willkg"";
    repo = ""everett"";
    tag = ""v${version}"";
    hash = ""sha256-olYxUbsKaL7C5UTAPwW+EufjbWbbHZdZcQ/lfogNJrg="";
  }",pkgs/development/python-modules/everett/default.nix
e4a2bc9fa778bcf4a317041d9a54c37a791bb25c,ostui,ostui,1.0.4,fetchFromSourcehut,"fetchFromSourcehut {
    owner = ""~ser"";
    repo = ""ostui"";
    rev = ""v${finalAttrs.version}"";
    hash = ""sha256-efX19jkJnXyO4iuY2EZqhtLJZ7R/Q2JQZf72gyLgY8k="";
  }",pkgs/by-name/os/ostui/package.nix
deaa2123a24eab43b990a842ca96ef3766855997,jupyter-themes,jupyter-themes,0.20.0,fetchFromGitHub,"fetchFromGitHub {
    owner = ""dunovank"";
    repo = ""jupyter-themes"";
    tag = ""v${version}"";
    hash = ""sha256-AWbUXMOA6k2LpZtcJOPxTZb1oL5vLDbBq4aEhXWvy9M="";
  }",pkgs/development/python-modules/jupyter-themes/default.nix
c5cb903e37dd55fdd406b2791ac64cff42d1adfa,ycm-cmake-modules,ycm-cmake-modules,0.18.4,fetchFromGitHub,"fetchFromGitHub {
    owner = ""robotology"";
    repo = ""ycm-cmake-modules"";
    rev = ""v${version}"";
    hash = ""sha256-Xmc23r3hmwg9v620KGfUV/s7feJUVVZD1OaT3TAQBBY="";
  }",pkgs/by-name/yc/ycm-cmake-modules/package.nix
6497c8c0a09a9261a6b29a19a3390d1fb1c18b61,hydrasect,hydrasect,0.1.0-unstable-2025-08-27,fetchFromGitHub,"fetchFromGitHub {
    owner = ""blitz"";
    repo = ""hydrasect"";
    rev = ""88161c6d8dce16bf832599cf8ab544bbe5857c00"";
    hash = ""sha256-Na7MlT+OXHZBtCKqJ0IzK4k3XfvQhsY+lnUJFG66YDU="";
  }",pkgs/by-name/hy/hydrasect/package.nix
21d9c45bbba5e3f8b5ddaf4a4da243559531ce4a,nirius,nirius,0.4.3,fetchFromSourcehut,"fetchFromSourcehut {
    owner = ""~tsdh"";
    repo = ""nirius"";
    rev = ""nirius-${version}"";
    hash = ""sha256-JAoKuM+A9AO1erhpWIYKq8lWjRAYjDKqxf1r/Fu2IAM="";
  }",pkgs/by-name/ni/nirius/package.nix
679309d85d89d7797a0b8a9500e0d04521fb2f8d,brush-splat,brush-splat,0.2.0,fetchFromGitHub,"fetchFromGitHub {
    owner = ""ArthurBrussee"";
    repo = ""brush"";
    tag = finalAttrs.version;
    hash = ""sha256-IvsHYCM/M2hHozzKwovgXpcW1b7MSEGneU62y1k8U9U="";
  }",pkgs/by-name/br/brush-splat/package.nix
8e8fd0cdd5d3c831c953401cd112937999f684df,lrcsnc,lrcsnc,0.1.0,fetchFromGitHub,"fetchFromGitHub {
    owner = ""Endg4meZer0"";
    repo = ""lrcsnc"";
    tag = ""v${finalAttrs.version}"";
    hash = ""sha256-gKb0cTpCPlyvJFthV1csn8HaVcUvXq+KC+nTT5sGhww="";
  }",pkgs/by-name/lr/lrcsnc/package.nix
f7548864712cccad29d63af212c7563f274be5d7,cloudflare-ddns,cloudflare-ddns,1.15.1,fetchFromGitHub,"fetchFromGitHub {
    owner = ""favonia"";
    repo = pname;
    rev = ""v${version}"";
    hash = ""sha256-/806eUsuWhiCnvO1DasPW2xVFYYxnmki3KIDre7gjrg="";
  }",pkgs/by-name/cl/cloudflare-ddns/package.nix
a2b1feab7461c2af0f87016650cf7daa3c1f3468,types-regex,types-regex,2025.9.1.20250903,fetchPypi,"fetchPypi {
    pname = ""types_regex"";
    inherit version;
    hash = ""sha256-IwEW9ktcCLBhCdlQCG5V/ICbiipdE+gCGKx880+arIQ="";
  }",pkgs/development/python-modules/types-regex/default.nix
76dc9802697e0f03b3cd211716e0d30f35727116,odhcp6c,odhcp6c,0-unstable-2025-02-06,fetchgit,"fetchgit {
    url = ""https://git.openwrt.org/project/odhcp6c.git"";
    rev = ""8aa8b706727a6a6a841be42ef35a629ed635db3e"";
    hash = ""sha256-cFDiT8EC8/2yuLM6dTWTzwxSbFpc7zuUKx2SHbR4PfQ="";
  }",pkgs/by-name/od/odhcp6c/package.nix
2db70b73d115a6fafeb2b4bb4c224316919d1011,abseil-cpp_202508,abseil-cpp,20250814.0,fetchFromGitHub,"fetchFromGitHub {
    owner = ""abseil"";
    repo = ""abseil-cpp"";
    tag = finalAttrs.version;
    hash = ""sha256-6Ro7miql9+wcArsOKTjlyDSyD91rmmPsIfO5auk9kiI="";
  }",pkgs/by-name/ab/abseil-cpp_202508/package.nix
d9a2ceda140fee2b36ec6c781e2f95dfb75f0a4e,sphinx-last-updated-by-git,sphinx-last-updated-by-git,0.3.8-unstable-2025-08-26,fetchFromGitHub,"fetchFromGitHub {
    owner = ""mgeier"";
    repo = ""sphinx-last-updated-by-git"";
    rev = ""07ac1a98af2a927e773a65c6524ce83067c977b8"";
    hash = ""sha256-2TGFR11Ejh/9zpVC/TEdmMNaBt38wE5yeJeYixZSVUE="";
    fetchSubmodules = true;
    leaveDotGit = true;
  }",pkgs/development/python-modules/sphinx-last-updated-by-git/default.nix
7f1c48cc9c284a5860803d30ac6948cac25ee46c,tf,tf,2.11.1,fetchFromGitHub,"fetchFromGitHub {
    owner = ""dex4er"";
    repo = ""tf"";
    tag = ""v${finalAttrs.version}"";
    hash = ""sha256-EWD6BfOAZR/PucDhJmLStjBNVgXCLW45g8stVhoMyO8="";
  }",pkgs/by-name/tf/tf/package.nix
2cd2faedd88375f7b252ba0ad52ca085c2109a0c,emhash,emhash,1.0.1,fetchFromGitHub,"fetchFromGitHub {
    owner = ""ktprime"";
    repo = ""emhash"";
    tag = ""v${finalAttrs.version}"";
    hash = ""sha256-dFj/QaGdTJYdcxKlS9tES6OHae8xPMnrG9ccRNM/hi8="";
  }",pkgs/by-name/em/emhash/package.nix
87363e629ba411a91df8eb9171de6865fd2773a1,audiomatch,audiomatch,0.2.2,fetchFromGitHub,"fetchFromGitHub {
    owner = ""unmade"";
    repo = ""audiomatch"";
    tag = version;
    hash = ""sha256-I7gTP2lwg4EDNmI+tVmI721/nEDShb7q21tD9tRbskY="";
  }",pkgs/by-name/au/audiomatch/package.nix
c8757324a48e9eb776faf2b55686a3f5a8c8a2e1,super-collections,super-collections,0.5.4,fetchFromGitHub,"fetchFromGitHub {
    owner = ""fralau"";
    repo = ""super-collections"";
    tag = ""v${version}"";
    hash = ""sha256-gp5BREoa1oHGm1ymDlIdlLTqyIvB0RmkNLYDJssI3VE="";
  }",pkgs/development/python-modules/super-collections/default.nix
292eaf7cc1ee90611e16aa649695bc55434ee69f,doubles,doubles,1.5.3,fetchFromGitHub,"fetchFromGitHub {
    owner = ""uber"";
    repo = ""doubles"";
    tag = ""v${version}"";
    hash = ""sha256-7yygZ00H2eIGuI/E0dh0j30hicJKBhCqyagY6XAJTCA="";
  }",pkgs/development/python-modules/doubles/default.nix
4a09f3a1f5814effce52574399c2b7e9579a0b8f,crates-lsp,crates-lsp,0.4.2,fetchFromGitHub,"fetchFromGitHub {
    owner = ""MathiasPius"";
    repo = ""crates-lsp"";
    tag = ""v${finalAttrs.version}"";
    hash = ""sha256-s42nWQC2tD7vhQNPdTQNRokwXqeBhELidVYTlos+No0="";
  }",pkgs/by-name/cr/crates-lsp/package.nix
935c9cc8793a9b4d19eb2887bf5e609d8a8615c9,biocutils,biocutils,0.2.3,fetchFromGitHub,"fetchFromGitHub {
    owner = ""BiocPy"";
    repo = ""BiocUtils"";
    tag = ""${version}"";
    hash = ""sha256-4LzXBP/cp+nqIOM5QZIa1QptkSfv3fqdACHEHjJUtsw="";
  }",pkgs/development/python-modules/biocutils/default.nix
4d63e0d216b2e05185226589867aae64f828d5d0,spit,spit,0.1,fetchFromGitHub,"fetchFromGitHub {
    owner = ""leahneukirchen"";
    repo = ""spit"";
    tag = ""v${version}"";
    hash = ""sha256-bvcx+bQyi5tWDwuqdOv2h6q1ZSEHO9bHV2lfvRhL7iw="";
  }",pkgs/by-name/sp/spit/package.nix
0ebca7541f5900abcb2b17d6a0e1b9cb0f8df512,uradvd,uradvd,0-unstable-2025-08-16,fetchFromGitHub,"fetchFromGitHub {
    owner = ""freifunk-gluon"";
    repo = ""uradvd"";
    rev = ""b37524dfb0292c425fd61f5bffb3101fb1979264"";
    hash = ""sha256-PyOAt9dTFdHHF7OlHi9BBTjCN2Hmk8BsHkD2rV94ZDM="";
  }",pkgs/by-name/ur/uradvd/package.nix
00bb68554edee37b5456ec90ed44533d0facf6fd,prek,prek,0.1.6,fetchFromGitHub,"fetchFromGitHub {
    owner = ""j178"";
    repo = ""prek"";
    tag = ""v${finalAttrs.version}"";
    hash = ""sha256-MVdd67ssP64aEV6rjNA3fxypqKn0lJe/UN2waCEkLJM="";
  }",pkgs/by-name/pr/prek/package.nix
3cf56fb1651ee665781c620b8eda6c239546ca9b,unordered_dense,unordered-dense,4.5.0,fetchFromGitHub,"fetchFromGitHub {
    owner = ""martinus"";
    repo = ""unordered_dense"";
    tag = ""v${finalAttrs.version}"";
    hash = ""sha256-TfbW+Pu8jKS+2oKldA6sE4Xzt0R+VBPitGv89OWxUjs="";
  }",pkgs/by-name/un/unordered_dense/package.nix
1e1c03fc1fec1e963af1df19a085dfb5f20870f8,victoriatraces,VictoriaTraces,0.2.0,fetchFromGitHub,"fetchFromGitHub {
    owner = ""VictoriaMetrics"";
    repo = ""VictoriaTraces"";
    tag = ""v${finalAttrs.version}"";
    hash = ""sha256-b4/ix191xtW2HpczfRbez2gibgGx7jBRm0hvuP/rTpA="";
  }",pkgs/by-name/vi/victoriatraces/package.nix
bd56cefe0df13f8e6f2de64014a125b19f1d506f,kantoku,kantoku,0.18.3,fetchFromGitHub,"fetchFromGitHub {
    owner = ""bentoml"";
    repo = ""kantoku"";
    tag = version;
    hash = ""sha256-pI79B7TDZwL4Jz5e7PDPIf8iIGiwCOKFI2jReUt8UNg="";
  }",pkgs/development/python-modules/kantoku/default.nix
f2357009792624063213e836faa7cb7d66a60146,wassima,wassima,2.0.1,fetchFromGitHub,"fetchFromGitHub {
    owner = ""jawah"";
    repo = ""wassima"";
    tag = version;
    hash = ""sha256-MUGB8x4+G+B4cknCeiCcTqKwa8Gea8QrRyM4sYbVxdA="";
  }",pkgs/development/python-modules/wassima/default.nix
0173b5c7aebc72d13b19532ce23f1a18e36728bd,shira,shira,1.7.1-unstable-2025-08-31,fetchFromGitHub,"fetchFromGitHub {
    owner = ""KraXen72"";
    repo = ""shira"";
    rev = ""a7478efa434597324458441f328c1b2f84c04dbc"";
    hash = ""sha256-k15GaOmS0rlQBQldnLo1SzIyCkNQux6P5b7ZG2BIa90="";
  }",pkgs/by-name/sh/shira/package.nix
b66c11dc88aa026f7336a30e73e3ff0b70b4deb3,cosmic-reader,cosmic-reader,0-unstable-2025-08-29,fetchFromGitHub,"fetchFromGitHub {
    owner = ""pop-os"";
    repo = ""cosmic-reader"";
    rev = ""b877809273243f0630b250fd60f12fff48e0bd22"";
    hash = ""sha256-kJApZgQkHDP6lD9E2vPLyVGQ0o/xibm83N9CfIJAd0A="";
  }",pkgs/by-name/co/cosmic-reader/package.nix
5cd8d9c3b2dd386679fc249426d6a5954179f7b4,cv2-enumerate-cameras,cv2_enumerate_cameras,1.2.2,fetchFromGitHub,"fetchFromGitHub {
    owner = ""lukehugh"";
    repo = ""cv2_enumerate_cameras"";
    tag = ""v${version}"";
    hash = ""sha256-BInGgnsvRrfTaofqZzf5LawM/Lbr0vdgU/l7j/VQi1o="";
  }",pkgs/development/python-modules/cv2-enumerate-cameras/default.nix
0d54c60268b8fe05a2d5b145ebe2c1d86b3ceb31,locust-cloud,locust-cloud,1.26.3,fetchFromGitHub,"fetchFromGitHub {
    owner = ""locustcloud"";
    repo = ""locust-cloud"";
    tag = version;
    hash = ""sha256-gOlCxu6f3+T3tmAIolze7K/+aViqO8DjuooXqEELUvs="";
  }",pkgs/development/python-modules/locust-cloud/default.nix
f509d54658e535bd8ec023a3c0285f7a11da4089,lazyssh,lazyssh,0.2.0,fetchFromGitHub,"fetchFromGitHub {
    owner = ""Adembc"";
    repo = ""lazyssh"";
    tag = ""v${finalAttrs.version}"";
    hash = ""sha256-0R/H+HaJ13dQhLbFgLAvv4MhXADT3UqWeyTgegKjFxM="";
  }",pkgs/by-name/la/lazyssh/package.nix
f8d0dc70c010667499743a164bf415015a1d5c3c,plakar,plakar,1.0.3,fetchFromGitHub,"fetchFromGitHub {
    owner = ""PlakarKorp"";
    repo = ""plakar"";
    tag = ""v${finalAttrs.version}"";
    hash = ""sha256-4fJB00poA06aQC//zw6L0bRXa8KauFJfZbniCu+vrac="";
  }",pkgs/by-name/pl/plakar/package.nix
788d47d8c312d0d622752ae7c0a9a8bad43cbff2,vacuum-tube,vacuum-tube,1.3.15,fetchFromGitHub,"fetchFromGitHub {
    owner = ""shy1132"";
    repo = ""VacuumTube"";
    tag = ""v${version}"";
    hash = ""sha256-dwUmAMogBBzpMFsoF2OP0otMz1tH9Jo3fchjWqMWIV0="";
  }",pkgs/by-name/va/vacuum-tube/package.nix
0efa842a7648dc80f6e743edc0f6c4989ff07fc5,texsurgery,texsurgery,0.6.3,fetchPypi,"fetchPypi {
    inherit pname version;
    hash = ""sha256-zoOeTRHcpDnXJ1QC7BIz9guzqL9Q7kmJ5VSGEyqanfY="";
  }",pkgs/by-name/te/texsurgery/package.nix
5c61cbbe65b9bffb225508e43ac55fa8c59fa98c,llama-stack-client,llama-stack-client,0.2.20,fetchPypi,"fetchPypi {
    pname = ""llama_stack_client"";
    inherit version;
    hash = ""sha256-NWJX8KS7tkIF+J4RPXFZJYU9XjTsdE5yRm2nJ5C6QVs="";
  }",pkgs/development/python-modules/llama-stack-client/default.nix
533ea25b0053990cc97e5a6be9df5af859717374,llama-index-vector-stores-milvus,llama-index-vector-stores-milvus,0.9.1,fetchPypi,"fetchPypi {
    pname = ""llama_index_vector_stores_milvus"";
    inherit version;
    hash = ""sha256-8alWmT1CglPpvDqbav7AoahIOcabchsiUmrAbBeOyZI="";
  }",pkgs/development/python-modules/llama-index-vector-stores-milvus/default.nix
838e1e480df95a33dee952cdb24fec385a0d3885,llama-index-readers-docling,llama-index-readers-docling,0.4.0,fetchPypi,"fetchPypi {
    pname = ""llama_index_readers_docling"";
    inherit version;
    hash = ""sha256-b9UxJWlh/KnfTIOcKe9jiWCD1VknqeJH2hQjrDNmsOg="";
  }",pkgs/development/python-modules/llama-index-readers-docling/default.nix
ae493e85606dedbf147d0a8ab503fa14d715563d,cosmic-ext-applet-external-monitor-brightness,cosmic-ext-applet-external-monitor-brightness,0.0.1-unstable-2025-08-05,fetchFromGitHub,"fetchFromGitHub {
    owner = ""cosmic-utils"";
    repo = ""cosmic-ext-applet-external-monitor-brightness"";
    rev = ""23104965bd9ab1988b040a60f3f1e5d64038e7ce"";
    hash = ""sha256-+Hu9bLEbue9bXaGfKa3InhdFI6qsBxccyQY8qzBYFPk="";
  }",pkgs/by-name/co/cosmic-ext-applet-external-monitor-brightness/package.nix
e1d28ae48680298adaf1b58f97c5453623218ec8,ia-writer-mono,ia-writer-mono,0-unstable-2023-06-16,fetchFromGitHub,"fetchFromGitHub {
    owner = ""iaolo"";
    repo = ""iA-Fonts"";
    rev = ""f32c04c3058a75d7ce28919ce70fe8800817491b"";
    hash = ""sha256-2T165nFfCzO65/PIHauJA//S+zug5nUwPcg8NUEydfc="";
  }",pkgs/by-name/ia/ia-writer-mono/package.nix
243e72790736b3f8d23ddd4d10e6f93383cbffd6,llama-index-node-parser-docling,llama-index-node-parser-docling,0.4.0,fetchPypi,"fetchPypi {
    pname = ""llama_index_node_parser_docling"";
    inherit version;
    hash = ""sha256-3D2X5sKAaweJG5w5qVeCEMgvKPZVUdI4/GsSwB9zfQ4="";
  }",pkgs/development/python-modules/llama-index-node-parser-docling/default.nix
8fcdda901ef7687507e81564c671c52631da939c,portfolio_rs,portfolio_rs,0.6.0,fetchFromGitHub,"fetchFromGitHub {
    owner = ""MarkusZoppelt"";
    repo = ""portfolio_rs"";
    tag = ""v${finalAttrs.version}"";
    hash = ""sha256-WCz41eJciYwvljiyg5MESiz4eUXBpot7+j81PPyG+fY="";
  }",pkgs/by-name/po/portfolio_rs/package.nix
31a558c5f0962c90cb551db4b68f38de033bab0a,gemini-cli-bin,gemini-cli-bin,0.3.4,fetchurl,"fetchurl {
    url = ""https://github.com/${owner}/${repo}/releases/download/v${finalAttrs.version}/${asset}"";
    hash = ""sha256-aVcizpbzV1hPsuMSGRxgMGXTyF+0yBqGk7EwPnKFDyQ="";
  }",pkgs/by-name/ge/gemini-cli-bin/package.nix
b68ec0c4bfc7052e465ccb579c2b1ab0f3c747ef,targ,targ,0.6.0,fetchFromGitHub,"fetchFromGitHub {
    owner = ""piccolo-orm"";
    repo = ""targ"";
    tag = version;
    hash = ""sha256-myQe8Gpnx5CqKnYNK0PZ2P7o+eVWKLInjyTaZd30WxU="";
  }",pkgs/development/python-modules/targ/default.nix
7d00bc8d8c5607cc32e8661fafac1ab7a4d83f8d,beanhub-inbox,beanhub-inbox,0.2.3,fetchFromGitHub,"fetchFromGitHub {
    owner = ""LaunchPlatform"";
    repo = ""beanhub-inbox"";
    tag = version;
    hash = ""sha256-WWfZsJRm2rJI85vmFt/AtV++5vpSTJZpRrk3PdHMhAA="";
  }",pkgs/development/python-modules/beanhub-inbox/default.nix
87f19f9c8ca7ffa35b2659d7b51f8e4b9f1b293a,meshcore,meshcore,2.1.5,fetchPypi,"fetchPypi {
    inherit pname version;
    sha256 = ""sha256-gXofzLmydfN0Shrrlbwk+6Rr2kARPqypP6+43rHZOJE="";
  }",pkgs/development/python-modules/meshcore/default.nix
a784a11d3ab7c29473592e5968316c11e3ebd485,dli,dli,0-unstable-2025-09-06,fetchFromGitHub,"fetchFromGitHub {
    owner = ""haylinmoore"";
    repo = ""dli"";
    rev = ""176302f80cf771a7a15d9df58c3296a979f18e28"";
    hash = ""sha256-I8ozN5ucBhsArehSQibTLlYavq+4rBRUvU42Cli4KVo="";
  }",pkgs/by-name/dl/dli/package.nix
8c19806822238ff349fe4d7fdedf64b591bffae1,libfrida-core,libfrida-core,17.2.17,fetchurl,"fetchurl {
    inherit (source) url hash;
  }",pkgs/by-name/li/libfrida-core/package.nix
34e35a0ca6c348bd05bbe5bab3ded066ff576b68,lightway,lightway,0-unstable-2025-09-04,fetchFromGitHub,"fetchFromGitHub {
    owner = ""expressvpn"";
    repo = ""lightway"";
    rev = ""4eb836158607c83d47226703de5a043519586782"";
    hash = ""sha256-sNhTdJTxNxHMVswyzizgBfGbmJhYmMZY/5nVD7ScLjM="";
  }",pkgs/by-name/li/lightway/package.nix
1fe43afee2cb3f0ab767b10b72eb25d5597aa00e,timg,timg,1.1.6,fetchPypi,"fetchPypi {
    inherit pname version;
    hash = ""sha256-k42TmsNQIwD3ueParfXaD4jFuG/eWILXO0Op0Ci9S/0="";
  }",pkgs/development/python-modules/timg/default.nix
eb8a4b0917a38479708873584a6ca34d5993f096,sixelcrop,sixelcrop,0.1.9,fetchPypi,"fetchPypi {
    inherit pname version;
    hash = ""sha256-1sBaxPvW4gH3lK3tEjAPtCdXMXLAVEof0lpIpmpbyG8="";
  }",pkgs/development/python-modules/sixelcrop/default.nix
b102c5b9af712ab6217925ebbec0f71e87c951d6,globus-cli,globus-cli,3.36.0,fetchFromGitHub,"fetchFromGitHub {
    owner = ""globus"";
    repo = ""globus-cli"";
    tag = version;
    hash = ""sha256-Phu7nXMICSBFUX8wfzwA4ORBJIkhTDCMCqTyZvcG93c="";
  }",pkgs/by-name/gl/globus-cli/package.nix
c9a3a473d50be544ab2496d87daab916fb2d35ca,doxx,doxx,0-unstable-2025-08-18,fetchFromGitHub,"fetchFromGitHub {
    owner = ""bgreenwell"";
    repo = ""doxx"";
    rev = ""5c957470de1fa937cf96cd847286e2d3ee37cbee"";
    hash = ""sha256-ZCvb8FnGdpzEDqYCIFjg+hiO3OZNnZ2+dSDVLx+crTU="";
  }",pkgs/by-name/do/doxx/package.nix
76f5eebb27c46cf92e2db8b3e326e027c36dd963,zuban,zuban,0.0.21,fetchFromGitHub,"fetchFromGitHub {
    owner = ""zubanls"";
    repo = ""zuban"";
    tag = ""v${finalAttrs.version}"";
    hash = ""sha256-llAJwqJmOtauA7pi7dYZhVH0yFBNN65q2y8ecc9hAJY="";
  }",pkgs/by-name/zu/zuban/package.nix
bf312b98a649d2656f914a56c1ba612f242636d8,python-pooldose,python-pooldose,0.6.0,fetchFromGitHub,"fetchFromGitHub {
    owner = ""lmaertin"";
    repo = ""python-pooldose"";
    tag = version;
    hash = ""sha256-hKZOOeTigK8E+MAq5+zUmdWwGrAn+0ZGmOn66QTU1RM="";
  }",pkgs/development/python-modules/python-pooldose/default.nix
a9c1dfc9d387251c5275e1e528c28aa5aaa10b71,jsign,jsign,7.2,fetchFromGitHub,"fetchFromGitHub {
    owner = ""ebourg"";
    repo = ""jsign"";
    tag = version;
    hash = ""sha256-ngAwtd4C3KeLq9sM15B8tWS34AH81azYEjXg3+Gy5NA="";
  }",pkgs/by-name/js/jsign/package.nix
9601e3275e4995425fb047e7815875f7c177a88e,hii,hii,1.1.5-unstable-2025-08-03,fetchFromGitHub,"fetchFromGitHub {
    owner = ""nmeum"";
    repo = ""hii"";
    rev = ""6c07f4955a85eb32fcc0589238d5a00c1a8722f2"";
    sha256 = ""sha256-CXpN57T+o5MPoUxwL48GfEedz05TK8+jPFgdSIdqk+8="";
  }",pkgs/by-name/hi/hii/package.nix
507dc27677763d72b70fa793b7347915901c27bf,kmidimon,kmidimon,1.4.1,fetchFromGitHub,"fetchFromGitHub {
    owner = ""pedrolcl"";
    repo = ""kmidimon"";
    tag = ""RELEASE_${lib.replaceStrings [ ""."" ] [ ""_"" ] finalAttrs.version}"";
    hash = ""sha256-cITRv/k7NJvTPJYNjDXb21ctr69ThIJppmBwrmj7O74="";
  }",pkgs/by-name/km/kmidimon/package.nix
d3410cf27e8970ef21e63a7a72985f4195333101,ee,ee,1.5.2,fetchgit,"fetchgit {
    url = ""https://git.freebsd.org/src.git"";
    tag = ""release/14.3.0"";
    outputHash = ""sha256-nMhHXeoam9VtUuhhi0eoGZfcW9zZhpYQKVYbkAbfgc0="";
    rootDir = ""contrib/ee"";
  }",pkgs/by-name/ee/ee/package.nix
2255d0e133c7ea0a8e801b77cf02783819666821,mado,mado,0.3.0,fetchFromGitHub,"fetchFromGitHub {
    owner = ""akiomik"";
    repo = ""mado"";
    tag = ""v${finalAttrs.version}"";
    hash = ""sha256-wAuV4w0dKfUbJVLTdp59/u4y13SPy3wkRfTlpvyE/zY="";
  }",pkgs/by-name/ma/mado/package.nix
3a2e210a3e868e5250b40b7955e8a2748def9763,colcon-installed-package-information,colcon-installed-package-information,0.2.1,fetchFromGitHub,"fetchFromGitHub {
    owner = ""colcon"";
    repo = ""colcon-installed-package-information"";
    tag = version;
    hash = ""sha256-7PjLWLwX5QwxWCN1iWOGB3cyArjnxQKT5BHmukj0MII="";
  }",pkgs/development/python-modules/colcon-installed-package-information/default.nix
fcea3563e6d7f0cd60eebd698408c8c443e1fc53,semtools,semtools,1.2.0,fetchFromGitHub,"fetchFromGitHub {
    owner = ""run-llama"";
    repo = ""semtools"";
    tag = ""v${finalAttrs.version}"";
    hash = ""sha256-wpOKEESM3uG9m/EqWnF2uXITbrwIhwe2MSA0FN7Fu+w="";
  }",pkgs/by-name/se/semtools/package.nix
951fbc91a4fff1eed37d8e3b23f190ac27a13a7a,yaml2nix,yaml2nix,0.3.0,fetchFromGitHub,"fetchFromGitHub {
    owner = ""euank"";
    repo = ""yaml2nix"";
    tag = ""v${finalAttrs.version}"";
    hash = ""sha256-DkHWWpvBco2yodyOk40LjTNcoaJ1bFKf0JY9OwWgy5M="";
  }",pkgs/by-name/ya/yaml2nix/package.nix
e30106c7f831b14315655240dc1bbec03285d843,metee,metee,6.0.1,fetchFromGitHub,"fetchFromGitHub {
    owner = ""intel"";
    repo = ""metee"";
    tag = finalAttrs.version;
    hash = ""sha256-PwIadjg1D7WumqVgkpfnXkdUzIOjzA+b3Jjk30epAE8="";
  }",pkgs/by-name/me/metee/package.nix
0226752420f0fb420a59696e43e10630bbee420d,mkdocs-table-reader-plugin,mkdocs-table-reader-plugin,3.1.0,fetchFromGitHub,"fetchFromGitHub {
    owner = ""timvink"";
    repo = ""mkdocs-table-reader-plugin"";
    tag = ""v${version}"";
    hash = ""sha256-XyMz0CeLQderzzz/Z3H6rja619wPzx42X3jz30wt6a8="";
  }",pkgs/development/python-modules/mkdocs-table-reader-plugin/default.nix
87c2d6a4f68915480b2bf9ff5c7d776cc885ad26,pbc,pbc,1.0.0,fetchurl,"fetchurl {
    url = ""https://crypto.stanford.edu/pbc/files/${finalAttrs.pname}-${finalAttrs.version}.tar.gz"";
    hash = ""sha256-GCdaNnKDB3uv419EMgBJnjsZxKN1SVPaKhsvDWtZItw="";
  }",pkgs/by-name/pb/pbc/package.nix
1b0478e165bfbbc666e4cd60124be35db3881798,angrr,angrr,0.1.1,fetchFromGitHub,"fetchFromGitHub {
    owner = ""linyinfeng"";
    repo = ""angrr"";
    tag = ""v${finalAttrs.version}"";
    hash = ""sha256-SL4UBDoD0pvpCKokQvKLAcS9cQJaFiA+IjswFARswdM="";
  }",pkgs/by-name/an/angrr/package.nix
1236f2ad0b808d493e8cb2742083ae81ae4a72bd,colcon-recursive-crawl,colcon-recursive-crawl,0.2.3,fetchFromGitHub,"fetchFromGitHub {
    owner = ""colcon"";
    repo = ""colcon-recursive-crawl"";
    tag = version;
    hash = ""sha256-zmmEelMjsIbXy5LchZMtr2+x+Ne2c2PhexLjbkZJmm8="";
  }",pkgs/development/python-modules/colcon-recursive-crawl/default.nix
aa3f01e9bb47613f2be2169ad03ac9c5debc7a4d,raccoin,raccoin,0.2.0,fetchFromGitHub,"fetchFromGitHub {
    owner = ""bjorn"";
    repo = ""raccoin"";
    tag = ""v${finalAttrs.version}"";
    hash = ""sha256-6BwRFU8qU6K0KqKdK+soKcWU2LPxkKKPOcn2gupunGg="";
  }",pkgs/by-name/ra/raccoin/package.nix
d15a686e8d18f50d6191e1d1082720ce844a621b,finit,finit,4.14,fetchFromGitHub,"fetchFromGitHub {
    owner = ""troglobit"";
    repo = ""finit"";
    tag = finalAttrs.version;
    hash = ""sha256-v4QHc6pX50z4j4UBpw7J2k78Pqt7n503qiDRDWyrhOc="";
  }",pkgs/by-name/fi/finit/package.nix
185611390cb96448197c79a60964048ce1820218,databackend,databackend,0.0.3,fetchFromGitHub,"fetchFromGitHub {
    owner = ""machow"";
    repo = ""databackend"";
    tag = ""v${version}"";
    hash = ""sha256-M5Nm33Vae6FDy4aurru4CeHjeNxyZZnqzpdkqNEvrm0="";
  }",pkgs/development/python-modules/databackend/default.nix
2d3594f389f92ad75046f241f2d33e0ed35a5c08,procfd,procfd,1.1.0,fetchFromGitHub,"fetchFromGitHub {
    owner = ""deshaw"";
    repo = ""procfd"";
    tag = ""v${finalAttrs.version}"";
    hash = ""sha256-M2VFy7WqvoxgzEpS0qd7nGLRt2pKGZlfU9uUHlwDC7Y="";
  }",pkgs/by-name/pr/procfd/package.nix
261fc46846ecdcb3182d0ea1cf241750402b3038,collada-dom,collada-dom,2.5.1,fetchFromGitHub,"fetchFromGitHub {
    owner = ""Gepetto"";
    repo = ""collada-dom"";
    tag = ""v${finalAttrs.version}"";
    hash = ""sha256-DYdqrwRIrVq0BQqZB0vtZzADteJGVaJtFC5kC/cD250="";
  }",pkgs/by-name/co/collada-dom/package.nix
f9dc3b0ad0168b6074b5ee9fb9e904b3ea1e06ad,picocrypt-ng,picocrypt-ng,2.00,fetchFromGitHub,"fetchFromGitHub {
    owner = ""Picocrypt-NG"";
    repo = ""Picocrypt-NG"";
    tag = finalAttrs.version;
    hash = ""sha256-+Ecvy4h0aC9Gra9BcN8L/vgpnflq6W7KcnYCVr8uaQQ="";
  }",pkgs/by-name/pi/picocrypt-ng/package.nix
036b471cb6bc50b3ae59f699a812aea4799c75ab,syne-tune,syne-tune,0.14.2,fetchFromGitHub,"fetchFromGitHub {
    owner = ""syne-tune"";
    repo = ""syne-tune"";
    tag = ""v${version}"";
    hash = ""sha256-51QyfJ0XOcXTeE95YOhtUmhat23joaEYvUnk7hYfksY="";
  }",pkgs/development/python-modules/syne-tune/default.nix
e379076e2dbc61b917d294fe158149cdbafe58ca,pyosoenergyapi,pyosoenergyapi,1.2.4,fetchFromGitHub,"fetchFromGitHub {
    owner = ""osohotwateriot"";
    repo = ""apyosohotwaterapi"";
    tag = version;
    hash = ""sha256-hpbmiSOLawKVSh7BGV70bRi45HCDKmdxEEhCOdJuIww="";
  }",pkgs/development/python-modules/pyosoenergyapi/default.nix
76b3a4643608994507e97d8af9984590a9ace19a,bodoni-moda,bodoni-moda,2.4-unstable-2024-02-18,fetchFromGitHub,"fetchFromGitHub {
    owner = ""indestructible-type"";
    repo = ""Bodoni"";
    rev = ""30ce6cdc354ef179a3b72ba0f0e71826e599348c"";
    hash = ""sha256-OQi+KKBM+BrmA2pDit6dib5krrQBba5dVCBd2/G5sIM="";
  }",pkgs/by-name/bo/bodoni-moda/package.nix
428098cb78ca643f477008105b2758d0a5c1c4b7,besley,besley,4.0-unstable-2023-01-09,fetchFromGitHub,"fetchFromGitHub {
    owner = ""indestructible-type"";
    repo = ""Besley"";
    rev = ""99d5b97fcb863c4a667571ac8f86f745c345d3ab"";
    hash = ""sha256-N6QU3Pd6EnIrdbRtDT3mW5ny683DBWo0odADJBSdA2E="";
  }",pkgs/by-name/be/besley/package.nix
978649eac28cea845668c7fc06ee9d30a16fd012,drafting-mono,drafting-mono,1.1-unstable-2024-06-04,fetchFromGitHub,"fetchFromGitHub {
    owner = ""indestructible-type"";
    repo = ""Drafting"";
    rev = ""c387df13576c3b541352725b021f9f99302e52d6"";
    hash = ""sha256-J64mmDOzTV4MRuZO3MB2SSX5agCRjLDjXAPXuDfdlOM="";
  }",pkgs/by-name/dr/drafting-mono/package.nix
3358263b3da9c118047d19ff23d39410319300f7,cooper,cooper,1.01-unstable-2025-05-25,fetchFromGitHub,"fetchFromGitHub {
    owner = ""indestructible-type"";
    repo = ""Cooper"";
    rev = ""062a60572254535634569ab23b993a5745bab4ac"";
    hash = ""sha256-4WaRFvAn32IfeCCDszOsmDxFuKnnADOXj/vj8SZB2mU="";
  }",pkgs/by-name/co/cooper/package.nix
68cf4d4fec0c041e3cbc7ff82e3582f5afb833ae,pan-python,pan-python,0.25.0,fetchurl,"fetchurl {
    url = ""https://files.pythonhosted.org/packages/68/b0/0af75e586869bc5eee67e75472771e820189cbedbdde619353191a2828b7/pan_python-0.25.0-py3-none-any.whl"";
    hash = ""sha256-IWqXsFORXzo8n+J39ZaqAK1vD1uIxy3idtt1+Sq5x+0="";
  }",pkgs/development/python-modules/pan-python/default.nix
2fc384a4b6ab05809621dff9de481430031e9d00,pyinterp,pyinterp,2025.8.1,fetchFromGitHub,"fetchFromGitHub {
    owner = ""CNES"";
    repo = ""pangeo-pyinterp"";
    tag = version;
    hash = ""sha256-9DZIPiqt0JbadeGIkVrg+XuPu4XfVlHm36sBKZ2G7ww="";
  }",pkgs/development/python-modules/pyinterp/default.nix
db325c065859b0c95fe115083a658d57a5a7cf0a,tellcore-py,tellcore-py,1.1.3,fetchFromGitHub,"fetchFromGitHub {
    owner = ""erijo"";
    repo = ""tellcore-py"";
    tag = ""v${version}"";
    hash = ""sha256-AcdYMzd3Ln65PZ+weSxyR+CwXmdi2A+wSE6B/4hepE0="";
  }",pkgs/development/python-modules/tellcore-py/default.nix
430ca53b6e6abfb089816e19e51b2d8774ef9a4f,tellcore-net,tellcore-net,0.4,fetchFromGitHub,"fetchFromGitHub {
    owner = ""home-assistant-libs"";
    repo = ""tellcore-net"";
    tag = version;
    hash = ""sha256-yMNAu8iSFB2UDqJR3u2XFelpGRKzi/3HyuEbrZK6v8g="";
  }",pkgs/development/python-modules/tellcore-net/default.nix
bd91000abcf04a90b14d26bbbb304d610adb8b67,ziggo-mediabox-xl,ziggo-mediabox-xl,1.1.0,fetchFromGitHub,"fetchFromGitHub {
    owner = ""b10m"";
    repo = ""ziggo_mediabox_xl"";
    tag = version;
    hash = ""sha256-ElULsHfZXYTZ1cFEdAjhURWGOmJw2uJWMy49whGAV7g="";
  }",pkgs/development/python-modules/ziggo-mediabox-xl/default.nix
e986605cacbf29a38f75ee2ba2961a90c996eec6,pwdsphinx,pwdsphinx,2.0.3,fetchFromGitHub,"fetchFromGitHub {
    owner = ""stef"";
    repo = ""pwdsphinx"";
    tag = ""v${version}"";
    hash = ""sha256-COSfA5QqIGWEnahmo5klFECK7XjyabGs1nG9vyhj/DM="";
  }",pkgs/by-name/pw/pwdsphinx/package.nix
d6d8658bc72b5dd3378016c8e696000597a4cf96,lw12,lw12,0.9.2,fetchFromGitHub,"fetchFromGitHub {
    owner = ""jaypikay"";
    repo = ""python-lw12"";
    tag = ""v${version}"";
    hash = ""sha256-6zZolUfs1SzCH0DT2YYuP4eXt8Hxv+TYIDgLnR51MAQ="";
  }",pkgs/development/python-modules/lw12/default.nix
a14a2d5e2967880fe012fcd4703c8489a20d42ee,webio-api,webio-api,0.1.11,fetchPypi,"fetchPypi {
    pname = ""webio_api"";
    inherit version;
    hash = ""sha256-fPlAWu/P9gOjlQ62qAesLcLkNznAiMAAqxAlQi9oxZk="";
  }",pkgs/development/python-modules/webio-api/default.nix
dc5be8dcdbd1050684eec1c104937ac957e89973,clearpasspy,clearpasspy,1.1.3,fetchPypi,"fetchPypi {
    inherit pname version;
    hash = ""sha256-HAi9z7DT5g0Pkr+rASUK18/tEsorWXScCODE95Q+ZZ0="";
  }",pkgs/development/python-modules/clearpasspy/default.nix
01ed3e1d4be862617ea5177cb1edae9c125a5532,zhong-hong-hvac,zhong-hong-hvac,1.0.13,fetchFromGitHub,"fetchFromGitHub {
    owner = ""crhan"";
    repo = ""ZhongHongHVAC"";
    tag = ""v${version}"";
    hash = ""sha256-WLSmzvRydfYhLBZZW4EZDCFXZYqowA6vS0GJUl2UadQ="";
  }",pkgs/development/python-modules/zhong-hong-hvac/default.nix
bb956d615fa65618fdb5824a0e4e50e46f6f9472,ibmiotf,ibmiotf,0.4.0,fetchFromGitHub,"fetchFromGitHub {
    owner = ""ibm-watson-iot"";
    repo = ""iot-python"";
    tag = version;
    hash = ""sha256-/hRRYf3mY7LqZq0jq7neJRwpvgKczHNNo5bN92Rcv5M="";
  }",pkgs/development/python-modules/ibmiotf/default.nix
c6bcb7dfb18861ed106239dbf062f027b5e4e862,bstr,bstr,0.0.2,fetchurl,"fetchurl {
    url = ""https://github.com/robur-coop/bstr/releases/download/v${version}/bstr-${version}.tbz"";
    hash = ""sha256-/zvzCBzT014OesTmxGBDB98ZRU++YNDLUZ8uaDK3keM="";
  }",pkgs/development/ocaml-modules/bstr/default.nix
860995446343afbd6b2fdc860a2c1936b15d0085,travispy,travispy,0.3.5,fetchFromGitHub,"fetchFromGitHub {
    owner = ""menegazzo"";
    repo = ""travispy"";
    tag = ""v${version}"";
    hash = ""sha256-jYuRaKtoWaWq6QWinXnuBfqanTCMibouwwWHfcmioGo="";
  }",pkgs/development/python-modules/travispy/default.nix
c0750cee3d328bf0bc6da910a9a58045e1252f5f,mtk-uartboot,mtk-uartboot,0-unstable-2024-12-07,fetchFromGitHub,"fetchFromGitHub {
    owner = ""981213"";
    repo = ""mtk_uartboot"";
    rev = ""b0ec7bdf1bab7089df948e745e17d206f3426dc1"";
    hash = ""sha256-wUF1e0TfP9khfC9WruJkIg4j4DClOJTTPRABIe4Ma4U="";
  }",pkgs/by-name/mt/mtk-uartboot/package.nix
5fc0353343ade68fdfb955d19d7b0443a78701f9,cmudict,cmudict,1.1.1,fetchPypi,"fetchPypi {
    inherit pname version;
    hash = ""sha256-I8ORTIVGX2p9JtLYl0+jQd17ySTR/6UBtBQGuTaSPbE="";
  }",pkgs/development/python-modules/cmudict/default.nix
7aa0280e7e0f96eadf2f33810ad48ec409b6960f,qemu-qmp,qemu-qmp,0.0.3,fetchFromGitLab,"fetchFromGitLab {
    owner = ""qemu-project"";
    repo = ""python-qemu-qmp"";
    tag = ""v${version}"";
    hash = ""sha256-NOtBea81hv+swJyx8Mv2MIqoK4/K5vyMiN12hhDEpJY="";
  }",pkgs/development/python-modules/qemu-qmp/default.nix
0b70b350291075b0e135cb1ade181c28bda132e0,liberty-parser,liberty-parser,0.0.25,fetchFromGitea,"fetchFromGitea {
    domain = ""codeberg.org"";
    owner = ""tok"";
    repo = ""liberty-parser"";
    tag = version;
    hash = ""sha256-Nl+FRG93DeP1ctDphaTKZqkukEywmGprj6JORJQTunw="";
  }",pkgs/development/python-modules/liberty-parser/default.nix
0bf8e76a206f491e3d8b96ed0a3d27ab0c4bab61,uplink,uplink,0.10.0,fetchFromGitHub,"fetchFromGitHub {
    owner = ""prkumar"";
    repo = ""uplink"";
    tag = ""v${version}"";
    hash = ""sha256-gI7oHLyC6a5s3jhgG5jj+7q495seMSyUV4XVAp1URTA="";
  }",pkgs/development/python-modules/uplink/default.nix
bf4b1b86b09c0d196300a6780627e2cd079b18e1,pythinkingcleaner,pythinkingcleaner,0.0.3,fetchFromGitHub,"fetchFromGitHub {
    owner = ""TheRealLink"";
    repo = ""pythinkingcleaner"";
    tag = version;
    hash = ""sha256-YaHBZwJvgI3uFkFtZ4KWrKKGRPuNhBBrhCvGC65Jsks="";
  }",pkgs/development/python-modules/pythinkingcleaner/default.nix
4875da785dea20b0e297f90ff6ecd46d93fc374f,tapsaff,tapsaff,0.2.1,fetchPypi,"fetchPypi {
    inherit pname version;
    hash = ""sha256-Q3VLbPsgXAYvZsjcW1m3lus2SFMjNJ8AmkcNK0THB6I="";
  }",pkgs/development/python-modules/tapsaff/default.nix
eca97313c15caaeb884f983343101a2f615b44ce,libopaque,libopaque,1.0.1,fetchFromGitHub,"fetchFromGitHub {
    owner = ""stef"";
    repo = ""libopaque"";
    tag = ""v${finalAttrs.version}"";
    hash = ""sha256-VVD4489yWAJTWLGrpXYe8or5QjDnAuQ9/tzlNJJu/lo="";
  }",pkgs/by-name/li/libopaque/package.nix
6c0dee3d65c4c02f935b7d42af3422a2022a59c8,mfaomp,mfaomp,0.4.3,fetchFromGitHub,"fetchFromGitHub {
    owner = ""Neurofibromin"";
    repo = ""mfaomp"";
    tag = ""v${finalAttrs.version}"";
    hash = ""sha256-b8eIG5UC1i4yfHSStNwhgIttTS+g511RmFJ5OYxeYvM="";
  }",pkgs/by-name/mf/mfaomp/package.nix
70bf6928aabdaec084bd3b32590a3d62e80ace00,btfdump,btfdump,0.0.4,fetchCrate,"fetchCrate {
    inherit pname version;
    hash = ""sha256-iLYGFXB4goiY7eJXXBhX9Y1TOltsW40ogeBhvTV2NvU="";
  }",pkgs/by-name/bt/btfdump/package.nix
64d601469ca05dcf2d4529b92513913ac8c0f503,fzf-preview,fzf-preview,0-unstable-2025-06-26,fetchFromGitHub,"fetchFromGitHub {
    owner = ""niksingh710"";
    repo = ""fzf-preview"";
    rev = ""5f6e936d1c3943192f9bdade71cff8879bdab3a6"";
    hash = ""sha256-vDgYv9PjQQYcMKG97ryncd30JPplnEqAKBp5hAE0E+o="";
  }",pkgs/by-name/fz/fzf-preview/package.nix
6c6fdfe3d869e3892d65c56213069cf6a6fbd409,_0xffff,0xFFFF,0.10,fetchFromGitHub,"fetchFromGitHub {
    owner = ""pali"";
    repo = ""0xFFFF"";
    tag = finalAttrs.version;
    hash = ""sha256-RTpiH6OpC1hRbhLW5Em01oDQdpAZ/mfggCDLSUzOC9s="";
  }",pkgs/by-name/_0/_0xffff/package.nix
c221fb1b374267662034c647faf63b2ae5287976,jdenticon-cli,jdenticon-cli,3.3.0,fetchFromGitHub,"fetchFromGitHub {
    owner = ""dmester"";
    repo = ""jdenticon"";
    tag = finalAttrs.version;
    hash = ""sha256-uOPNsfEreC7F+Y0WWmudZSPnGxqarna0JPOwQyK6LiQ="";
  }",pkgs/by-name/jd/jdenticon-cli/package.nix
e2f507a2b61ff9a7c2f0d497098ca9b3c9e6b602,nasin-nanpa-helvetica,nasin-nanpa-helvetica,4.0.2,fetchurl,"fetchurl {
    url = ""https://github.com/ETBCOR/nasin-nanpa/releases/download/n${version}/nasin-nanpa-${version}-Helvetica.otf"";
    hash = ""sha256-isteUDpgdHufXYkcbsC7wbT+e4LzArFe42Tw9wfj04E="";
  }",pkgs/by-name/na/nasin-nanpa-helvetica/package.nix
09fb7969e39ec1713ef2ac356ef7e37f3c894a40,nvidia-mig-parted,nvidia-mig-parted,0.12.1,fetchFromGitHub,"fetchFromGitHub {
    owner = ""NVIDIA"";
    repo = ""mig-parted"";
    tag = ""v${finalAttrs.version}"";
    hash = ""sha256-mNzwD8DaWJ0L1y2q/3UhKf0zjKRp3+XwhtFF+Stl/A0="";
  }",pkgs/by-name/nv/nvidia-mig-parted/package.nix
2aa4e95e49d8bb7de72d65cbdc2898d4f50828c5,libjpeg-tools,libjpeg-tools,1.71,fetchFromGitHub,"fetchFromGitHub {
    owner = ""thorfdbg"";
    repo = ""libjpeg"";
    rev = ""25f71280913fde7400801772bbf885bb3e873242"";
    hash = ""sha256-40yb9EujJp9y1PnuYLcPxK31Kj2Q4UQ5YBwXQFYXI/Y="";
  }",pkgs/by-name/li/libjpeg-tools/package.nix
47fd2277580b4e4efa957cb13021ca55311bbb0a,minefair,minefair,1.5.0,fetchFromGitHub,"fetchFromGitHub {
    owner = ""LyricLy"";
    repo = ""minefair"";
    tag = finalAttrs.version;
    hash = ""sha256-gABgSjS+ZhzmWJsCbbWMFstFAoTJ+Yc159CCo5nhYBc="";
  }",pkgs/by-name/mi/minefair/package.nix
f5095e0707b9d0d94aadf9223ec61a12a185e3a9,blowfish-tools,blowfish-tools,1.10.0,fetchFromGitHub,"fetchFromGitHub {
    owner = ""nunocoracao"";
    repo = ""blowfish-tools"";
    tag = ""v${finalAttrs.version}"";
    hash = ""sha256-90EKsRKOO2Hb64Wy3TlwzlPU2K8AAlSxc17ek5ZLoG0="";
  }",pkgs/by-name/bl/blowfish-tools/package.nix
c18a6a58174642ca88ef23e10f7ba0ae64eb2a5d,grpc-health-probe,grpc-health-probe,0.4.40,fetchFromGitHub,"fetchFromGitHub {
    owner = ""grpc-ecosystem"";
    repo = ""grpc-health-probe"";
    rev = ""v${version}"";
    hash = ""sha256-Na0y8fL109flHGJOniEpLgs60xf1V0YlSBrX9iHtymM="";
  }",pkgs/by-name/gr/grpc-health-probe/package.nix
4665071e88329e64320d10116c2f32a461750772,nasin-nanpa-ucsur,nasin-nanpa-ucsur,4.0.2,fetchurl,"fetchurl {
    url = ""https://github.com/ETBCOR/nasin-nanpa/releases/download/n${version}/nasin-nanpa-${version}-UCSUR.otf"";
    hash = ""sha256-9DkY7wbB22IFsIAAgyg8gYALpkfROKzzc5AhpYKt6oI="";
  }",pkgs/by-name/na/nasin-nanpa-ucsur/package.nix
289f85a12f7a47265680af30cf4ea104d531ff61,openorbitaloptimizer,OpenOrbitalOptimizer,0.1.0,fetchFromGitHub,"fetchFromGitHub {
    owner = ""susilethola"";
    repo = ""openorbitaloptimizer"";
    rev = ""v${version}"";
    hash = ""sha256-otIs2Y79KoEL4ut8YQe7Y27LpmpId8h/X8B6GIg8l+E="";
  }",pkgs/by-name/op/openorbitaloptimizer/package.nix
8ba1a8c882f4052de72506ed4e4c0264275e84d3,yffi,yffi,0.24.0,fetchFromGitHub,"fetchFromGitHub {
    owner = ""y-crdt"";
    repo = ""y-crdt"";
    tag = ""v${finalAttrs.version}"";
    hash = ""sha256-RFdLEsKQxt8BGqbf5FFM7mZD64glW7bTKRJaAQOe+vo="";
  }",pkgs/by-name/yf/yffi/package.nix
0ac69f3604e865e77b7f65bdc129d1af0fdba151,progettihwsw,progettihwsw,0.1.3,fetchFromGitHub,"fetchFromGitHub {
    owner = ""ardaseremet"";
    repo = ""progettihwsw"";
    tag = version;
    hash = ""sha256-9dpZyQ7i3WNdDVyEBLz4bJcWF1Ap7SH089PXWYI6UOA="";
  }",pkgs/development/python-modules/progettihwsw/default.nix
afc3818084c8ea0d4100059263f9e8853735530e,plumlightpad,plumlightpad,0.0.11,fetchPypi,"fetchPypi {
    inherit pname version;
    hash = ""sha256-5J+kk/fn45v/1WIsBuq6o7hivXkCaJ1Of7BLRf10rCk="";
  }",pkgs/development/python-modules/plumlightpad/default.nix
761cf127e77586dd84936f06222bd78bc9057263,greenwavereality,greenwavereality,0.5.1,fetchPypi,"fetchPypi {
    inherit pname version;
    hash = ""sha256-bNTO9qHoOe3A7TYiUwLBVq4eWyGoIfCoguizM1hKk/Y="";
  }",pkgs/development/python-modules/greenwavereality/default.nix
87d45a7383af79b707d576c288d8c5f5f9862972,horimote,horimote,0.4.1,fetchFromGitHub,"fetchFromGitHub {
    owner = ""benleb"";
    repo = ""horimote"";
    tag = ""v${version}"";
    hash = ""sha256-rEtE0Z/PV/n9pz2mLbHeREv/sl4SexTSOq2yx4LDnAo="";
  }",pkgs/development/python-modules/horimote/default.nix
d96e3ea7af4e464fb53e161d35d85e90ee7730ce,gitterpy,gitterpy,0.1.7,fetchPypi,"fetchPypi {
    inherit pname version;
    hash = ""sha256-nmZ6sVjrHRLfvXMr/fYiN+a4Wly87YKwAR+heP/sNkE="";
  }",pkgs/development/python-modules/gitterpy/default.nix
9b41674ef3a3f3ae6cca14266d4ce45cc8538f21,pizzapi,pizzapi,0.0.6,fetchFromGitHub,"fetchFromGitHub {
    owner = ""ggrammar"";
    repo = ""pizzapi"";
    rev = ""2a67ceb0f6df285988f1a2d7b678bbd2526c26a4"";
    hash = ""sha256-oBwNNsnRhm/kv8DxNrAKkeGv2RZA+RMdYRgByy3qmsU="";
  }",pkgs/development/python-modules/pizzapi/default.nix
9ab4929950d034b780afb037bb22548362afb96a,mpdris2-rs,mpdris2-rs,1.0.2,fetchFromGitHub,"fetchFromGitHub {
    owner = ""szclsya"";
    repo = ""mpdris2-rs"";
    tag = ""v${finalAttrs.version}"";
    hash = ""sha256-E9H6bjmWZx35fZo/ZPvJL1w/YQ34pJ7z81YbB5fUZSU="";
  }",pkgs/by-name/mp/mpdris2-rs/package.nix
5b727d64cadeff58ecb73da158d4bcaabcac3021,pycmus,pycmus,0.1.1,fetchPypi,"fetchPypi {
    inherit pname version;
    hash = ""sha256-Wk9J/XjKZB13o8QmdByVWHcAdfNOicwLaH2Sh4qJcIw="";
  }",pkgs/development/python-modules/pycmus/default.nix
e7c7aae4c2e100a76988e1e173bd7b966941b08e,python-clementine-remote,python-clementine-remote,1.0.3,fetchFromGitHub,"fetchFromGitHub {
    owner = ""jjmontesl"";
    repo = ""python-clementine-remote"";
    tag = version;
    hash = ""sha256-tPaxRBvt+tW4yV5Ap3YxMQxK3o7BJF3nP/wzBJeDgic="";
  }",pkgs/development/python-modules/python-clementine-remote/default.nix
3fa8d065dadf4a291eebfa9fef9167e0babbb851,near-facsimile,near-facsimile,1.0.9,fetchFromGitHub,"fetchFromGitHub {
    owner = ""msuchane"";
    repo = ""near-facsimile"";
    tag = ""v${finalAttrs.version}"";
    hash = ""sha256-JJoouEIccTEQtS8FliBEQr4zPcIqSt9PtAxAch5mOG0="";
  }",pkgs/by-name/ne/near-facsimile/package.nix
5f71158592f4fec1a591ddc85235efaa25e7c95e,openapv,openapv,0.2.0.1,fetchFromGitHub,"fetchFromGitHub {
    owner = ""AcademySoftwareFoundation"";
    repo = ""openapv"";
    tag = ""v${finalAttrs.version}"";
    hash = ""sha256-Edj3xQ7AcHcdIbg4o2FidAGZ06fUBltW+1ojJPoIktA="";
  }",pkgs/by-name/op/openapv/package.nix
700035a4fc4629947895aea7ef39628ee4b8bf80,btlewrap,btlewrap,0.1.1,fetchFromGitHub,"fetchFromGitHub {
    owner = ""ChristianKuehnel"";
    repo = ""btlewrap"";
    tag = ""v${version}"";
    hash = ""sha256-cjPj+Uw/L9kq/BbxlnOCJtaBcnf9VOJKN2NJ3cmKe6U="";
  }",pkgs/development/python-modules/btlewrap/default.nix
729428cb73f221293a0c728692d9bbee9498eba7,scsgate,scsgate,0.1.0,fetchFromGitHub,"fetchFromGitHub {
    owner = ""flavio"";
    repo = ""scsgate"";
    tag = version;
    hash = ""sha256-wVzXKOKljENAKppod+guqm+0XMPenLgOsZzMQVTBo+k="";
  }",pkgs/development/python-modules/scsgate/default.nix
9d45bc2ab26493467f828bc6a6a0be8676c0dfcf,proliphix,proliphix,0.5.0,fetchPypi,"fetchPypi {
    inherit pname version;
    hash = ""sha256-Tf6gTRofZXY6ikrXBARgp6grzZGQMjvN5njT+7SRZNQ="";
  }",pkgs/development/python-modules/proliphix/default.nix
15b8551c882ef641c680b6ff3316d14b0a7bd7c2,iglo,iglo,1.2.7,fetchFromGitHub,"fetchFromGitHub {
    owner = ""jesserockz"";
    repo = ""python-iglo"";
    tag = ""v${version}"";
    hash = ""sha256-torDjfQcQ+ytv/Qab7PNugt1eLQJ0pPPz6p4f4kcFws="";
  }",pkgs/development/python-modules/iglo/default.nix
55024503f61c7363a1ab80824decf75d549d0129,xscreenruler,xscreenruler,1.0.2,fetchFromGitHub,"fetchFromGitHub {
    owner = ""julian-hoch"";
    repo = ""xscreenruler"";
    tag = ""v${finalAttrs.version}"";
    hash = ""sha256-oRbZ8r9EOPcLuuX8VyCBNt6ljdnko/EV8C8aeR85xYU="";
  }",pkgs/by-name/xs/xscreenruler/package.nix
f51a786cff2607ecd4c6653d909908ef65004227,rfk101py,rfk101py,0.0.1,fetchPypi,"fetchPypi {
    inherit pname version;
    hash = ""sha256-O8W404opbjH4AIUAfM01xrzXM/2WzU6q7uxM5ySgdhg="";
  }",pkgs/development/python-modules/rfk101py/default.nix
99fc3f4e4c04c5999c2d1308c8a8780e26d800d1,yeelightsunflower,yeelightsunflower,0.0.10,fetchPypi,"fetchPypi {
    inherit pname version;
    hash = ""sha256-l4Rl6WSCK68/XBwCndonNu3kePDXfSs/uIXaCkrIT7g=="";
  }",pkgs/development/python-modules/yeelightsunflower/default.nix
f7cb3d5cb7eabe6dbaea25283e6bdec45e287b38,coloraide,coloraide,4.7.2,fetchPypi,"fetchPypi {
    inherit pname version;
    hash = ""sha256-fomOKtF3hzgJvR9f2x2QYYrYdASf6tlS/0Rw0VdmbUs="";
  }",pkgs/development/python-modules/coloraide/default.nix
e5a5b0de7dad339f23e30a061551d545a7340c93,numato-gpio,numato-gpio,0.14.0,fetchFromGitHub,"fetchFromGitHub {
    owner = ""clssn"";
    repo = ""numato-gpio"";
    tag = ""v${version}"";
    hash = ""sha256-9kbPEtJOQhCxYh8cjyCAufV63mV7ZF1x7CdUyJLfqII="";
  }",pkgs/development/python-modules/numato-gpio/default.nix
d6febe133b10d5157e1773a9f5612c8ea48699f6,esp-idf-size,esp-idf-size,1.7.1,fetchFromGitHub,"fetchFromGitHub {
    owner = ""espressif"";
    repo = ""esp-idf-size"";
    tag = ""v${version}"";
    hash = ""sha256-dgvmrwnaipudKyNJ/xFAwvfjGmtDRnFbXxI2VuC/SKo="";
  }",pkgs/development/python-modules/esp-idf-size/default.nix
c47d779ed356b392c849eb79be02d6c40ae4807c,npingler,npingler,unstable-2025-08-21,fetchFromGitHub,"fetchFromGitHub {
    owner = ""9999years"";
    repo = ""npingler"";
    rev = ""de47bb5c5c188ba3b36958c2284dbc6d24f2687f"";
    hash = ""sha256-4Q8oG2iem9dgsTTEFfhyw2rPAxtXdGx+Uhb/9uAdUy4="";
  }",pkgs/by-name/np/npingler/package.nix
fc5f4f8247d6f14c315d3a46ba967bc8aa29fbf3,enpass-cli,enpass-cli,1.6.5,fetchFromGitHub,"fetchFromGitHub {
    owner = ""HazCod"";
    repo = ""enpass-cli"";
    tag = ""v${version}"";
    hash = ""sha256-13AhK0qDDANEgicggy1Sdlmo5b0Vlf2sEDzJerhUvG8="";
  }",pkgs/by-name/en/enpass-cli/package.nix
1aab4326935a4782d954467cecb05b67c161c8ae,pyebox,pyebox,1.1.4,fetchFromGitHub,"fetchFromGitHub {
    owner = ""titilambert"";
    repo = ""pyebox"";
    tag = version;
    hash = ""sha256-87u16rJmwdGiUz3DxThCsNXnz0tpH/9i26eyYwSqpDg="";
  }",pkgs/development/python-modules/pyebox/default.nix
1cb5f33ae6f818a410a14412038d165ec7443b1d,microbeespy,microbeespy,0.3.5,fetchFromGitHub,"fetchFromGitHub {
    owner = ""microBeesTech"";
    repo = ""pythonSDK"";
    tag = version;
    hash = ""sha256-h3IbWdZ/iHsNlAr/DfASj4dKNkQ4t1mUUeUIs00L8iU="";
  }",pkgs/development/python-modules/microbeespy/default.nix
b91ed9354e1d0d7a85a1c21f209ca9bb0149199b,pyirishrail,pyirishrail,0.0.2,fetchFromGitHub,"fetchFromGitHub {
    owner = ""ttroy50"";
    repo = ""pyirishrail"";
    tag = version;
    hash = ""sha256-NgARqhcXP0lgGpgBRiNtQaSn9JcRNtCcZPljcL7t3Xc="";
  }",pkgs/development/python-modules/pyirishrail/default.nix
fba28231b35a04aead556c064544643bf378455e,python-ripple-api,python-ripple-api,0.0.3,fetchPypi,"fetchPypi {
    inherit pname version;
    hash = ""sha256-hlgc7swcCimpQueyxuy/zvr6WdBHWnjnqHTS/cUghss="";
  }",pkgs/development/python-modules/python-ripple-api/default.nix
4c75542c64411e50e02a3c6d5ccbb805366a8042,gow,gow,0-unstable-2025-08-13,fetchFromGitHub,"fetchFromGitHub {
    owner = ""mitranim"";
    repo = ""gow"";
    rev = ""466e175ff6996eba082cb86ac7b43fc5f8f9c766"";
    hash = ""sha256-vfJ6AFkCeyGKWF/a26ulyErCjCng+uHJlLyRfBmtLs0="";
  }",pkgs/by-name/go/gow/package.nix
afdb7f1ebf4247dae1353aa776bbfb85c2a0690d,rofi-nerdy,rofi-nerdy,0.0.8,fetchFromGitHub,"fetchFromGitHub {
    owner = ""Rolv-Apneseth"";
    repo = ""rofi-nerdy"";
    tag = ""v${finalAttrs.version}"";
    hash = ""sha256-RiQ8bP7Q1ItZfCO94R95aTenqVOD45ohfUdmtDn0r9k="";
  }",pkgs/by-name/ro/rofi-nerdy/package.nix
c78c366c0b08bbd5a99ef60fa037c1b5f5d3c760,rtklib-ex,rtklib-ex,2.5.0,fetchFromGitHub,"fetchFromGitHub {
    owner = ""rtklibexplorer"";
    repo = ""RTKLIB"";
    tag = ""v${version}"";
    hash = ""sha256-j00VEQvxOiAc3EQX3x2b3RxYkbtvCZ17ugnW6b6ChWU="";
  }",pkgs/by-name/rt/rtklib-ex/package.nix
996181d3259cf1550779e2af9c762dba64e9deb9,opencc,opencc,1.1.9,fetchPypi,"fetchPypi {
    pname = ""opencc"";
    inherit version;
    hash = ""sha256-itcig3MpUTAzkPrjOhztqYrJsDNoqPKRLtyTTXQHfko="";
  }",pkgs/development/python-modules/opencc/default.nix
666545fc487fbba52e161e4ec6c3165b8882aae0,mixtool,mixtool,0-unstable-2025-07-07,fetchFromGitHub,"fetchFromGitHub {
    owner = ""monitoring-mixins"";
    repo = ""mixtool"";
    rev = ""1abe34c3187d53b795d0474535b476bc9b7500c3"";
    hash = ""sha256-RRoz5Kp/IGkUD6XVK70+k4L05rYqhkqh6LpopihyEd8="";
  }",pkgs/by-name/mi/mixtool/package.nix
4d7708a74a529f15533b7874f85c424d3829de83,bgutil-ytdlp-pot-provider,bgutil-ytdlp-pot-provider,1.2.2,fetchFromGitHub,"fetchFromGitHub {
    owner = ""Brainicism"";
    repo = ""bgutil-ytdlp-pot-provider"";
    tag = version;
    hash = ""sha256-KKImGxFGjClM2wAk/L8nwauOkM/gEwRVMZhTP62ETqY="";
  }",pkgs/development/python-modules/bgutil-ytdlp-pot-provider/default.nix
52ef4abcc13dc75307113ebf18afb4c8121e295b,lazyhetzner,lazyhetzner,0.0.4,fetchFromGitHub,"fetchFromGitHub {
    owner = ""grammeaway"";
    repo = ""lazyhetzner"";
    tag = ""v${finalAttrs.version}"";
    hash = ""sha256-MPPe4Epr77aqAFOeDGj4lTAauR489hVqGz8uiIqdyW8="";

    leaveDotGit = true;
    postFetch = ''
      cd ""$out""
      git rev-parse HEAD > $out/COMMIT
      date -u -d ""@$(git log -1 --pretty=%ct)"" ""+%Y-%m-%dT%H:%M:%SZ"" > $out/SOURCE_DATE_EPOCH
      find ""$out"" -name .git -print0 | xargs -0 rm -rf
    '';
  }",pkgs/by-name/la/lazyhetzner/package.nix
342d1b05d6832ae3af7e315c360691d662831beb,radicle-tui,radicle-tui,0.6.0,fetchgit,"fetchgit {
    url = ""https://seed.radicle.xyz/z39mP9rQAaGmERfUMPULfPUi473tY.git"";
    rev = ""refs/namespaces/z6MkswQE8gwZw924amKatxnNCXA55BMupMmRg7LvJuim2C1V/refs/tags/${finalAttrs.version}"";
    hash = ""sha256-rz9l9GtycqZoROUI6Hn0Fv5Br0YCIrcHlEWLMP4hasQ="";
    leaveDotGit = true;
    postFetch = ''
      git -C $out rev-parse HEAD > $out/.git_head
      git -C $out log -1 --pretty=%ct HEAD > $out/.git_time
      rm -rf $out/.git
    '';
  }",pkgs/by-name/ra/radicle-tui/package.nix
62674262590cc7b17b56e5f08ee6a52899a44616,tukai,tukai,0.2.3,fetchFromGitHub,"fetchFromGitHub {
    owner = ""hlsxx"";
    repo = ""tukai"";
    tag = ""v${finalAttrs.version}"";
    hash = ""sha256-YJtna4NIk9mmwymepFSZB8viUSPDU4XouRE5GCujSmk="";
  }",pkgs/by-name/tu/tukai/package.nix
e6a500c43149848ee6b4d72632e603cea4f7326e,kurve,kurve,0.4.0,fetchFromGitHub,"fetchFromGitHub {
    owner = ""luisbocanegra"";
    repo = ""kurve"";
    tag = ""v${finalAttrs.version}"";
    hash = ""sha256-Ra+ySuvBqmVOTD8TlWDJklXYuwXPb/2a3BSY+gQMiiA="";
  }",pkgs/by-name/ku/kurve/package.nix
a8fd68487459c647712cce20f52f262da453eb0b,oru,oru,0.2.3,fetchPypi,"fetchPypi {
    inherit pname version;
    hash = ""sha256-wLD1v98Ez5rexQEvtR7XBiY40I8Lb2X9WzU9kcE5iVY="";
  }",pkgs/development/python-modules/oru/default.nix
d32278bffa25fe906680fd026bd79da943039e7d,concord232,concord232,0.15,fetchFromGitHub,"fetchFromGitHub {
    owner = ""JasonCarter80"";
    repo = ""concord232"";
    tag = ""v${version}"";
    hash = ""sha256-qMHFOKuNuk4Z/FDNRqh1nsnA5vCW+9YXGK6d7Td5O5s="";
  }",pkgs/development/python-modules/concord232/default.nix
cb86b9acde73e04a6c914aa5cdc5d6f4b285f06e,raspyrfm-client,raspyrfm-client,1.2.8,fetchFromGitHub,"fetchFromGitHub {
    owner = ""markusressel"";
    repo = ""raspyrfm-client"";
    tag = ""v${version}"";
    hash = ""sha256-WiL69bb4h8xVdMYxAVU0NHEfTWyW2NVR86zigsr5dmk="";
  }",pkgs/development/python-modules/raspyrfm-client/default.nix
55571c837dc99fe421618a350c223b502b04393b,dmsdos,dmsdos,unstable-2021-02-06,fetchFromGitHub,"fetchFromGitHub {
    owner = ""sandsmark"";
    repo = ""dmsdos"";
    rev = ""c9044d509969d3d1467b781c08233e15c1da7a13"";
    hash = ""sha256-oGVkDf1gFaSMRpvHq4GNLN8htBm/sYawZeVwiqQxjL8="";
  }",pkgs/by-name/dm/dmsdos/package.nix
da3913b61b59c4440e9e34beb983eb49d4abf397,tikteck,tikteck,0.4,fetchPypi,"fetchPypi {
    pname = ""tikteck"";
    inherit version;
    hash = ""sha256-KEbGT2RXLFMQ49gltOYcbE+ebJ1kiXzhT0DIeVXsSJM="";
  }",pkgs/development/python-modules/tikteck/default.nix
03d9644c3a003e2d83b9c2b71e77b99044b48599,medcom-ble,medcom-ble,0.1.1,fetchPypi,"fetchPypi {
    pname = ""medcom_ble"";
    inherit version;
    hash = ""sha256-PQ0ZOFLGVllz/Jxw2CN6D5Ypza5/Ck3dtk3DuB+eHiA="";
  }",pkgs/development/python-modules/medcom-ble/default.nix
2a859bfb6bbd6ea48fc782caf03c231c6033a774,pysesame2,pysesame2,1.0.2,fetchPypi,"fetchPypi {
    inherit pname version;
    hash = ""sha256-djKvmmYePdpcMt9bKkQyKsKAT5hhXMPJwC0EkfY8vWU="";
  }",pkgs/development/python-modules/pysesame2/default.nix
9d8255d7fe7f16fe29e0af6abe2e2328082daf03,hyprmagnifier,hyprmagnifier,0.0.1-unstable-2025-05-16,fetchFromGitHub,"fetchFromGitHub {
    owner = ""st0rmbtw"";
    repo = ""hyprmagnifier"";
    rev = ""ce05ed35a1a7f9df976be7ee604d291ddad9c91c"";
    hash = ""sha256-vsQnL3R7lPKsUlDQKXirWMj/3qI377g7PkKlN+eVDTI="";
  }",pkgs/by-name/hy/hyprmagnifier/package.nix
044e1d941f6fa408b39bae995dd0d14f2792f845,go-sendxmpp,go-sendxmpp,0.14.1,fetchFromGitLab,"fetchFromGitLab {
    domain = ""salsa.debian.org"";
    owner = ""mdosch"";
    repo = ""go-sendxmpp"";
    tag = ""v${finalAttrs.version}"";
    hash = ""sha256-nQ2URhkOp0mb4u4IG3wzGIdhP6svDVMctbu2CHQXj2Y="";
  }",pkgs/by-name/go/go-sendxmpp/package.nix
8d0984def2c92bcab6c3027ab168b8ee6883bdf3,sshwifty,sshwifty,0.4.0-beta-release,fetchFromGitHub,"fetchFromGitHub {
    owner = ""nirui"";
    repo = ""sshwifty"";
    tag = finalAttrs.version;
    hash = ""sha256-7ZfS46+aflKIQ8S9T18JjCb7bY8mB6cJl/lgJi5Hukg="";
  }",pkgs/by-name/ss/sshwifty/package.nix
820dcf0439a638b49b9d4ba0273de6e658c459a7,pyw800rf32,pyW800rf32,0.4,fetchPypi,"fetchPypi {
    inherit pname version;
    hash = ""sha256-i0XXqohKY5pWIjcOCUxUQdx/FSSqgTnTaWcDxnIYjMk="";
  }",pkgs/development/python-modules/pyw800rf32/default.nix
6ab2bd99d9fc333a87dd3e48f9057821a1888476,pyjpegls,pyjpegls,1.5.1,fetchFromGitHub,"fetchFromGitHub {
    owner = ""pydicom"";
    repo = ""pyjpegls"";
    tag = ""v${version}"";
    hash = ""sha256-ha/nYvfzgoZDpVolMKMG9ZXqojy6x/2oPcvbWDvdKk4="";
  }",pkgs/development/python-modules/pyjpegls/default.nix
1b83b39faa7b89c553b64777be7238800adb9806,jol,jol,0.17,fetchFromGitHub,"fetchFromGitHub {
    owner = ""OpenJDK"";
    repo = ""jol"";
    tag = version;
    hash = ""sha256-ZJFuY2QYB8eUS3y3VRMGGwklCS93HHVkNe/dhyIx0SY="";
  }",pkgs/by-name/jo/jol/package.nix
a8084dbe0233e4e9c1aa8de83386b5ef0d3503a0,cargo-plumbing,cargo-plumbing,0.0.3,fetchFromGitHub,"fetchFromGitHub {
    owner = ""crate-ci"";
    repo = ""cargo-plumbing"";
    tag = ""v${finalAttrs.version}"";
    hash = ""sha256-x8xH7XH91FtOn5knVL7mkcDTGvXtVVL70HIi8V9z54o="";
  }",pkgs/by-name/ca/cargo-plumbing/package.nix
02b7b8270fede6e914f9aac6a1e7bc5586c5b69b,projclean,projclean,0.8.0,fetchFromGitHub,"fetchFromGitHub {
    owner = ""sigoden"";
    repo = ""projclean"";
    tag = ""v${finalAttrs.version}"";
    hash = ""sha256-EScezOsfiirg8YbhteFxuVTodeup8tUzZdcrWveJxWE="";
  }",pkgs/by-name/pr/projclean/package.nix
b976804e14c6020ea68c3bf2bac609b98963ada6,sointu,sointu,0.4.1-unstable-2025-08-13,fetchFromGitHub,"fetchFromGitHub {
    owner = ""vsariola"";
    repo = ""sointu"";
    rev = ""74fea4138fd788eddeb726440c872937de56fd1c"";
    hash = ""sha256-kHK35Bt/+ucPCsFE3p72J3jSHzhOK9QKtJPG+3grBvs="";
  }",pkgs/by-name/so/sointu/package.nix
96800982d9f27f72e6aa8600658108fbd1a773c4,pilight,pilight,0.1.1,fetchFromGitHub,"fetchFromGitHub {
    owner = ""DavidLP"";
    repo = ""pilight"";
    tag = version;
    hash = ""sha256-8KLEeyf1uwYjsBfIoi+736cu+We6OjLvptCXL539bDA="";
  }",pkgs/development/python-modules/pilight/default.nix
2742235f4f9b1a2d1391ae43f80fd1120b58adbb,python-gc100,python-gc100,1.0.3a0,fetchPypi,"fetchPypi {
    inherit pname version;
    hash = ""sha256-thuAmJUczTpKy/yZuVqGY3K3fyimw2PW/rGiyi7bwC4="";
  }",pkgs/development/python-modules/python-gc100/default.nix
206937dab6e23bb4a6202126ed66bb301172b982,pysmarty2,pysmarty2,0.10.2,fetchFromGitHub,"fetchFromGitHub {
    owner = ""martinssipenko"";
    repo = ""pysmarty2"";
    tag = ""v${version}"";
    hash = ""sha256-vDm+ThPHb6O+CoBiRAVCA01O7yQqVLcmVb+Ca2JSljY="";
  }",pkgs/development/python-modules/pysmarty2/default.nix
76c7c744c5056912eb0cfdd71493092e7ff0d0ed,neurio,neurio,0.3.1,fetchFromGitHub,"fetchFromGitHub {
    owner = ""jordanh"";
    repo = ""neurio-python"";
    tag = version;
    hash = ""sha256-Kyjx+76OR3fpA9p/Zg7S4/vuGuNU2kb022BijoNMSUI="";
  }",pkgs/development/python-modules/neurio/default.nix
e4ba41fd2cb6f043333c6ed3f547de3a67365e43,russound,russound,0.1.8,fetchFromGitHub,"fetchFromGitHub {
    owner = ""laf"";
    repo = ""russound"";
    tag = version;
    hash = ""sha256-iAhHOZwgaLhgkN/oW3Oz9bazyoqlP8GIsaXpqyXs3/Y="";
  }",pkgs/development/python-modules/russound/default.nix
a75b67387e7b1bcd96cd313a91934f5f9eba6c06,aiohomematic,aiohomematic,2025.8.6,fetchFromGitHub,"fetchFromGitHub {
    owner = ""SukramJ"";
    repo = ""aiohomematic"";
    tag = version;
    hash = ""sha256-HmcBl+uFjEeyZdilqqTxQ8wrFbDr/8tsh/l0yoVfYJg="";
  }",pkgs/development/python-modules/aiohomematic/default.nix
b93cba9d953f1273cfd57361b6c49b9ec66311fa,image,image,1.5.33,fetchPypi,"fetchPypi {
    inherit pname version;
    hash = ""sha256-uqLgkXgnfapQ8i/W0dUex48ZwSaIkhy5q1gIdD8JcSY="";
  }",pkgs/development/python-modules/image/default.nix
4bfe6c41f1005eee6ef61e0fdab2b88a58142910,arashi,arashi,25.08.3,fetchFromGitHub,"fetchFromGitHub {
    owner = ""0hStormy"";
    repo = ""Arashi"";
    tag = finalAttrs.version;
    hash = ""sha256-wmYsAfgdwn6ZLF70avNmjoU5VZNBZdV7dPSe8ycNdHE="";
  }",pkgs/by-name/ar/arashi/package.nix
d068f46f9173762849e2a2c99231b0123ca34ce8,cctv-viewer,cctv-viewer,0.1.9-unstable-2025-06-13,fetchFromGitHub,"fetchFromGitHub {
    owner = ""iEvgeny"";
    repo = ""cctv-viewer"";
    rev = ""8a8fff2612ae2123b8be156c954a29706383b480"";
    hash = ""sha256-Euw9S+iONAEENkFwo169x/+pcyeTXLe8wb70KKjv3bE="";
    fetchSubmodules = true;
  }",pkgs/by-name/cc/cctv-viewer/package.nix
00cc60953c18c84550ac5c76eea9a5475547c0c5,toolhive,toolhive,0.0.47,fetchFromGitHub,"fetchFromGitHub {
    owner = ""stacklok"";
    repo = ""toolhive"";
    tag = ""v${finalAttrs.version}"";
    hash = ""sha256-FXJUEEyCw7ChuzmSAzwXd2LoJXT6vpH+j3muXx5TjPI="";
  }",pkgs/by-name/to/toolhive/package.nix
2cce7033c3c002c3a9ee0205995cb6aae6b8050f,slh-dsa,slh-dsa,0.1.3,fetchPypi,"fetchPypi {
    pname = ""slh_dsa"";
    inherit version;
    hash = ""sha256-0OtjlI/w3F0OWu+fsQI9M3lIQY0Nx48YbvoGcQ0AJ1Y="";
  }",pkgs/development/python-modules/slh-dsa/default.nix
60bfdc0572e2f35e706027b390b44739b7fa78a1,environ-config,environ-config,24.1.0,fetchFromGitHub,"fetchFromGitHub {
    repo = ""environ-config"";
    owner = ""hynek"";
    tag = version;
    hash = ""sha256-XiJNLQgKhf9hXQfIMsfiEaHx7IHaExhphpYfOBgIT+s="";
  }",pkgs/development/python-modules/environ-config/default.nix
6098ce731ce123e3bc60b78dc3e0871da575e080,jspecify,jspecify,1.0.0,fetchMavenArtifact,"fetchMavenArtifact {
    groupId = ""org.jspecify"";
    artifactId = ""jspecify"";
    version = finalAttrs.version;
    hash = ""sha256-H61ua+dVd4Hk0zcp1Jrhzcj92m/kd7sMxozjUer9+6s="";
  }",pkgs/by-name/js/jspecify/package.nix
b44db68d42d572284b76f4d2dfec7b59db95b813,tt-tools-common,tt-tools-common,1.4.25,fetchFromGitHub,"fetchFromGitHub {
    owner = ""tenstorrent"";
    repo = ""tt-tools-common"";
    tag = ""v${version}"";
    hash = ""sha256-phal8KxfQqsGAIcKQTlSPZB04J158jZYlyamZr45vdU="";
  }",pkgs/development/python-modules/tt-tools-common/default.nix
456da2a0c9b635302f33deff435ec2343df0b333,session-info2,session-info2,0.2,fetchFromGitHub,"fetchFromGitHub {
    owner = ""scverse"";
    repo = ""session-info2"";
    tag = ""v${version}"";
    hash = ""sha256-DsI2mFM7xZgSm24yVzF6B+2aruKsjkTKZAmJPg7mWgg="";
  }",pkgs/development/python-modules/session-info2/default.nix
ac7917005d63d32011f8723f1adfa386623aea6a,dependency-groups,dependency-groups,1.3.1,fetchFromGitHub,"fetchFromGitHub {
    owner = ""pypa"";
    repo = ""dependency-groups"";
    rev = version;
    hash = ""sha256-suuSx3zf0Y45FJdH8Cb6N7hcvPnzleREpHhtdiG2CLg="";
  }",pkgs/development/python-modules/dependency-groups/default.nix
a5bebf0fb7ed36fbb16148c7f09f5cc9907289ef,pysodium,pysodium,0.7.18,fetchFromGitHub,"fetchFromGitHub {
    owner = ""stef"";
    repo = ""pysodium"";
    tag = ""v${version}"";
    hash = ""sha256-F2215AAI8UIvn6UbaJ/YxI4ZolCzlwY6nS5IafTs+i4="";
  }",pkgs/development/python-modules/pysodium/default.nix
99c4eddd4768879e70545c556eafda2b44bd21fd,securestring,securestring,0.2,fetchFromGitHub,"fetchFromGitHub {
    owner = ""dnet"";
    repo = ""pysecstr"";
    tag = ""v${version}"";
    hash = ""sha256-FV5NUPberA5nqHad8IwkQLMldT1DPqTGpqOwgQ2zSdI="";
  }",pkgs/development/python-modules/securestring/default.nix
0d12a403da64c42f82e7b13182e50bf11df36136,mopidyapi,mopidyapi,1.1.0,fetchPypi,"fetchPypi {
    inherit pname version;
    hash = ""sha256-n1BJGHFZvuGSSumEXWIjH/CiHs5w/8skhz7yfR7Jplw="";
  }",pkgs/development/python-modules/mopidyapi/default.nix
66eed59381f8999f2fa2fca5bf44bbc52394faca,pyworxcloud,pyworxcloud,4.1.43,fetchFromGitHub,"fetchFromGitHub {
    owner = ""MTrab"";
    repo = ""pyworxcloud"";
    tag = ""v${version}"";
    hash = ""sha256-DMkyek9Y3vQnzcds5MUALVH3o1dW6X6eIkurFC8rLO4="";
  }",pkgs/development/python-modules/pyworxcloud/default.nix
e102e8f63bc81ad5189bf380fdeb72e942c29c23,reprepro,reprepro,5.4.7,fetchFromGitLab,"fetchFromGitLab {
    domain = ""salsa.debian.org"";
    owner = ""debian"";
    repo = ""reprepro"";
    tag = ""reprepro-${finalAttrs.version}"";
    hash = ""sha256-bGfVWOmcXvaE+t9jiZFrnaUTKVPJqGqbPFyThhKK8gQ="";
  }",pkgs/by-name/re/reprepro/package.nix
1727b4e14bf8404ec27d548cc381e6fdac86d72d,asusrouter,asusrouter,1.18.2,fetchFromGitHub,"fetchFromGitHub {
    owner = ""Vaskivskyi"";
    repo = ""asusrouter"";
    tag = version;
    hash = ""sha256-8kETQKvPwURyEabK/g8Ub+aLcPPTRs0FFWbSNU4jJZc="";
  }",pkgs/development/python-modules/asusrouter/default.nix
faaffe3701a3de2fff37b209c6ae1b6e84036436,noisereduce,noisereduce,3.0.3,fetchFromGitHub,"fetchFromGitHub {
    owner = ""timsainb"";
    repo = ""noisereduce"";
    tag = ""v${version}"";
    hash = ""sha256-CMXbl+9L01rtsD8BZ3nNomacsChy/1EGdUdWz7Ytbjk="";
  }",pkgs/development/python-modules/noisereduce/default.nix
efbf097c9b1e698b64f5d1ec290a2cc1093db52b,hyper-connections,hyper-connections,0.2.1,fetchFromGitHub,"fetchFromGitHub {
    owner = ""lucidrains"";
    repo = ""hyper-connections"";
    tag = version;
    hash = ""sha256-9dMiyxzrZBlDxKeehXjoIjbzAkGSkAFxQZZX3LJJAig="";
  }",pkgs/development/python-modules/hyper-connections/default.nix
6cb7f918fcd1104bce96443f1ae04682567ebe4e,python-etherscan-api,python-etherscan-api,2.1.0,fetchFromGitHub,"fetchFromGitHub {
    owner = ""pcko1"";
    repo = ""etherscan-python"";
    tag = version;
    hash = ""sha256-HnMhWUKwVQq5RMXwSZo9q20JEnl7YN13ju01L18YAzU="";
  }",pkgs/development/python-modules/python-etherscan-api/default.nix
72417d379135d2b6ac73285fccf2ed0e5d9f1cdc,rtmapi,rtmapi,0.7.2,fetchFromBitbucket,"fetchFromBitbucket {
    owner = ""rtmapi"";
    repo = ""rtmapi"";
    rev = ""release-${version}"";
    hash = ""sha256-+aJ7T5bE+N9bINf6S3v48wUGXQ/ikz1Xb15xWbConT4="";
  }",pkgs/development/python-modules/rtmapi/default.nix
3ed4d1426974b7a2950e4df63f39aba510e6e4fa,equihash,equihash,1.0.10,fetchFromGitHub,"fetchFromGitHub {
    owner = ""stef"";
    repo = ""equihash"";
    tag = ""v${finalAttrs.version}"";
    hash = ""sha256-s16MwWH/xYLl7MSayXLoQUtuTv4GsQgq+qbI14igcv8="";
  }",pkgs/by-name/eq/equihash/package.nix
437cc70c6c7e298a22cf8b9ef738f82b573966a8,rsstail-py,rsstail-py,0.6.0,fetchPypi,"fetchPypi {
    pname = ""rsstail"";
    inherit version;
    hash = ""sha256-nAqk8qomG02SVq2cbQAO0MidGbxCHCk2kPNB+7YgGOQ="";
  }",pkgs/by-name/rs/rsstail-py/package.nix
92375e4bc96f330075ff5d201fb2f5d70ab57434,colombe,colombe,0.12.0,fetchurl,"fetchurl {
    url = ""https://github.com/mirage/colombe/releases/download/v${version}/colombe-${version}.tbz"";
    hash = ""sha256-9g9l0wTzlXtESNeoBxhjMxlX0bRFY19T2+PN1lZ7ojE="";
  }",pkgs/development/ocaml-modules/colombe/default.nix
0b7c1f63cfdea2d41f62037e9d4a9fee8789c4a5,liblp,liblp,1.0.2,fetchFromGitHub,"fetchFromGitHub {
    owner = ""sebaubuntu-python"";
    repo = ""liblp"";
    tag = ""v${version}"";
    hash = ""sha256-F30D2mYUYPupbr8OsrcrN6wQ639L5OlzQw/FrxPCsC4="";
  }",pkgs/development/python-modules/liblp/default.nix
0c08b21a748456085fda4f9f05076e58e68d4fdc,mprisence,mprisence,1.2.4,fetchFromGitHub,"fetchFromGitHub {
    owner = ""lazykern"";
    repo = ""mprisence"";
    tag = ""v${finalAttrs.version}"";
    hash = ""sha256-eUUUHjR6wnbaPb1QD9luEVvu5qSAxG5c4TuMjnzRV40="";
  }",pkgs/by-name/mp/mprisence/package.nix
896942e500825d503659b9f4d449964dee8c8648,wxwidgets_3_3,wxwidgets,3.3.1,fetchFromGitHub,"fetchFromGitHub {
    owner = ""wxWidgets"";
    repo = ""wxWidgets"";
    tag = ""v${finalAttrs.version}"";
    fetchSubmodules = true;
    hash = ""sha256-eYmZrh9lvDnJ3VAS+TllT21emtKBPAOhqIULw1dTPhk="";
  }",pkgs/by-name/wx/wxwidgets_3_3/package.nix
f35e564ec5dd8aa23b6672d395e101bc2a2ee99f,colcon-package-information,colcon-package-information,0.4.0,fetchFromGitHub,"fetchFromGitHub {
    owner = ""colcon"";
    repo = ""colcon-package-information"";
    tag = version;
    hash = ""sha256-BnDrnIgzXrNAPIg7sr8CcaVdisplJdAvjyZ28r4o/wI="";
  }",pkgs/development/python-modules/colcon-package-information/default.nix
725442d69ca3d0f7c902626665fca83c01602ce3,conman,conman,0.3.1,fetchFromGitHub,"fetchFromGitHub {
    owner = ""dun"";
    repo = ""conman"";
    tag = ""conman-${finalAttrs.version}"";
    hash = ""sha256-CHWvHYTmTiEpEfHm3TF5aCKBOW2GsT9Vv4ehpj775NQ="";
  }",pkgs/by-name/co/conman/package.nix
2db01e86a9739850ca04c10b360da78b279fbf2f,kirsch,kirsch,0.6.1,fetchzip,"fetchzip {
    url = ""https://github.com/molarmanful/kirsch/releases/download/v${finalAttrs.version}/kirsch-release_v${finalAttrs.version}.zip"";
    hash = ""sha256-6POi3N1JX6FFWHwqOlB3mrkHMYG+TJXz9URarbSPrZw="";
  }",pkgs/by-name/ki/kirsch/package.nix
e370730f131a975394d0195c3fc63db5f0383f4a,pynetio,pynetio,0.1.8,fetchPypi,"fetchPypi {
    inherit pname version;
    hash = ""sha256-SSe6OHubWszOTnwytL/3GhzD4lGIz9kxS75kuJv7vKA="";
  }",pkgs/development/python-modules/pynetio/default.nix
798c206c3676b871bc09d886611f3f25e4d72022,tiered-debug,tiered-debug,1.3.0,fetchFromGitHub,"fetchFromGitHub {
    owner = ""untergeek"";
    repo = ""tiered-debug"";
    tag = ""v${version}"";
    hash = ""sha256-2mThiuJUX+N5qIOXpdFOuIa+kBGYzbZzCeaAfEz3Iy0="";
  }",pkgs/development/python-modules/tiered-debug/default.nix
8bc9bb67992d7c8a1d225886001e754f40ad568d,docstrfmt,docstrfmt,1.10.0,fetchFromGitHub,"fetchFromGitHub {
    owner = ""LilSpazJoekp"";
    repo = ""docstrfmt"";
    tag = ""v${version}"";
    hash = ""sha256-L7zz9FJRSiBWthME0zsUWHxeA+zVuxQpkyEVbNSSEQs="";
  }",pkgs/by-name/do/docstrfmt/package.nix
d5218e5eb2b0727c750353d94ac9270c943eae6a,fullmoon,fullmoon,1.0.2,fetchFromGitHub,"fetchFromGitHub {
    owner = ""jr-k"";
    repo = ""python-fullmoon"";
    rev = ""702b94d9924cce8c156a3d7951bea65b19022358"";
    hash = ""sha256-d0OL5z2DCOp0xSYBAdaMHZV9wmZJ6jiQTl7NZjMYJRA="";
  }",pkgs/development/python-modules/fullmoon/default.nix
22005326cc2cb091dc0e658bd27442cf75e3d42b,legacy-api-wrap,legacy-api-wrap,1.4.1,fetchFromGitHub,"fetchFromGitHub {
    owner = ""flying-sheep"";
    repo = ""legacy-api-wrap"";
    tag = ""v${version}"";
    hash = ""sha256-ySkhfUyRBd4QS3f46KlaA5NrHxHr+dlkgmD4fGk2KsA="";
  }",pkgs/development/python-modules/legacy-api-wrap/default.nix
a956dc122c3c73cd89c5eb42cc8518f9941467d3,ifstate,ifstate,2.0.0,fetchFromGitea,"fetchFromGitea {
      domain = ""codeberg.org"";
      owner = ""liske"";
      repo = ""ifstate"";
      tag = version;
      hash = ""sha256-YxLyiTVLN4nxc2ppqGGnYCGudbdPLSLV8EwDURtpO0U="";
    }",pkgs/by-name/if/ifstate/package.nix
2851652b853a4bcbb00ec734b71f2d4cee283de3,sphinx-lint,sphinx-lint,1.0.0,fetchFromGitHub,"fetchFromGitHub {
    owner = ""sphinx-contrib"";
    repo = ""sphinx-lint"";
    tag = ""v${version}"";
    hash = ""sha256-VM8PyUZVQQFdXLR14eN7+hPT/iGOVHG6s1bcac4MPo4="";
  }",pkgs/by-name/sp/sphinx-lint/package.nix
642de91793cfe87578424e0630c4f9da6c3e8e17,rewaita,rewaita,1.0.1,fetchFromGitHub,"fetchFromGitHub {
    owner = ""SwordPuffin"";
    repo = ""Rewaita"";
    tag = ""v${version}"";
    hash = ""sha256-adSXq+DFw3IQxNuUkP1FcKlIh9h4Zb0tJKswYs3S92E="";
  }",pkgs/by-name/re/rewaita/package.nix
9767699dc618d2407a6f7a2c3fcb20ee5149ecc7,liboprf,liboprf,0.7.1,fetchFromGitHub,"fetchFromGitHub {
    owner = ""stef"";
    repo = ""liboprf"";
    tag = ""v${finalAttrs.version}"";
    hash = ""sha256-auC6iVTMbLktKCPY8VgOdx2dMI2KDzNgtY1zyNXjM1A="";
  }",pkgs/by-name/li/liboprf/package.nix
05d73488d4b33270543cdab63dcc28f60da1467d,xarray-dataclass,xarray-dataclass,3.0.0,fetchFromGitHub,"fetchFromGitHub {
    owner = ""xarray-contrib"";
    repo = ""xarray-dataclass"";
    tag = ""v${version}"";
    hash = ""sha256-NHJvrkoRhq5cPSBBMWzrWVn+3sPvveMRgTXc/NdLfuA="";
  }",pkgs/development/python-modules/xarray-dataclass/default.nix
92103f8d3688fe844d05d5d3f51b243304c4c157,ramalama,ramalama,0.11.3,fetchFromGitHub,"fetchFromGitHub {
    owner = ""containers"";
    repo = ""ramalama"";
    tag = ""v${version}"";
    hash = ""sha256-dvNFSPPdMnxgwGK2rVSsyaYwvz0wHutqjLFhsCps80A="";
  }",pkgs/by-name/ra/ramalama/package.nix
77ca22945cd29af467679dd95c458a37be7727f5,py-melissa-climate,py-melissa-climate,2.1.2,fetchFromGitHub,"fetchFromGitHub {
    owner = ""kennedyshead"";
    repo = ""py-melissa-climate"";
    tag = ""V${version}"";
    hash = ""sha256-Z1A0G3g8dyoG+zUxUTqI/OxczvUVy2kSI04YP0WeXso="";
  }",pkgs/development/python-modules/py-melissa-climate/default.nix
40fe4dee250f2cac8f5dca422f2cb3034d88a55c,pystiebeleltron,pystiebeleltron,0.2.3,fetchFromGitHub,"fetchFromGitHub {
    owner = ""ThyMYthOS"";
    repo = ""python-stiebel-eltron"";
    tag = ""v${version}"";
    hash = ""sha256-vJo9fjtbGuWJ1JcK6u0Cnol1Ev3eobD14YjH+S256og="";
  }",pkgs/development/python-modules/pystiebeleltron/default.nix
f006d6460d8d8925003b6cb4b08bbef951b3021c,xs1-api-client,xs1-api-client,3.0.1,fetchFromGitHub,"fetchFromGitHub {
    owner = ""markusressel"";
    repo = ""xs1-api-client"";
    tag = ""v${version}"";
    hash = ""sha256-bAxrqtjoJaPkTzeeOeXSTpJN3rPszi5W4q6Q7ZRo0hc="";
  }",pkgs/development/python-modules/xs1-api-client/default.nix
af92342df56a2bb14308eab86ea9f940f165db8f,python-blockchain-api,python-blockchain-api,0.0.2,fetchPypi,"fetchPypi {
    inherit pname version;
    hash = ""sha256-JC/FWkSq+Rc/XX39RQgLBnlncuRRumFNArODNJDzAHw="";
  }",pkgs/development/python-modules/python-blockchain-api/default.nix
ed8c0bf5bf169f62246764b9cd18574a3e19dcbd,starlingbank,starlingbank,3.2,fetchPypi,"fetchPypi {
    inherit pname version;
    hash = ""sha256-pqWnRyCAc50KQmbqYq9Mje+PWXCFmTAjs8jA13YM0nA="";
  }",pkgs/development/python-modules/starlingbank/default.nix
d5f29a5b5504fd7f4185cb48db6a70b4cb4cc882,pyrepetierng,pyrepetierng,0.1.0,fetchPypi,"fetchPypi {
    inherit pname version;
    hash = ""sha256-0+Qr2yrjk1/K4Yg55d8sdmI6BtBYI76DCQiPlp6dzrc="";
  }",pkgs/development/python-modules/pyrepetierng/default.nix
defecd64a3ac1dddf483b5d89bddeac2c85cd776,kawa,kawa,3.1.1,fetchurl,"fetchurl {
    url = ""mirror://gnu/kawa/kawa-${finalAttrs.version}.tar.gz"";
    hash = ""sha256-jJpQzWsQAVTJAb0ZCzrNL7g1PzNiLEos6Po5Kn8J4Bk="";
  }",pkgs/by-name/ka/kawa/package.nix
3d69b45f894e1e1fc2e32dff36fb93d19adf6d90,pymochad,pymochad,0.3.0,fetchFromGitHub,"fetchFromGitHub {
    owner = ""mtreinish"";
    repo = ""pymochad"";
    tag = version;
    hash = ""sha256-nwh97sbYkt4F/u02zTDemWEztSco27oJCemd6kTnCMk="";
  }",pkgs/development/python-modules/pymochad/default.nix
69df914cf951a6679d6be332a995508d3a9d9ae8,baidu-aip,baidu-aip,4.16.1,fetchPypi,"fetchPypi {
    inherit pname version;
    hash = ""sha256-zNYjEVVwhqFAR7w7CR3rWYefUZcM+sPZ87KYfDDLxN0="";
  }",pkgs/development/python-modules/baidu-aip/default.nix
f6a46d05584e59c5bf69dff4cc38c25bc64e85e4,electrickiwi-api,electrickiwi-api,0.9.14,fetchFromGitHub,"fetchFromGitHub {
    owner = ""mikey0000"";
    repo = ""EK-API"";
    tag = ""v${version}"";
    hash = ""sha256-UXweOz5olwx3ZI2M7eI1n729tqfLiWszV2zTWbrA9CM="";
  }",pkgs/development/python-modules/electrickiwi-api/default.nix
6999b03d62cf27efe6ed09576e638b5cd65b9c18,pyoppleio-legacy,pyoppleio-legacy,1.0.8,fetchFromGitHub,"fetchFromGitHub {
    owner = ""tinysnake"";
    repo = ""python-oppleio-legacy"";
    rev = ""90c57f778554fcf3a00e42757d0e92caebcfd149"";
    hash = ""sha256-ccvMn/jQSkW11uMwG3P+i53NiDj+MNZgJYEkouQ1tvU="";
  }",pkgs/development/python-modules/pyoppleio-legacy/default.nix
2032eb4942807048cb41377af3f72a188bff51e6,protoletariat,protoletariat,3.3.10,fetchFromGitHub,"fetchFromGitHub {
    owner = ""cpcloud"";
    repo = ""protoletariat"";
    tag = version;
    hash = ""sha256-oaZmgen/7WkX+nNuphrcyniL7Z/OaeqlcnbCnqR5h0w="";
  }",pkgs/development/python-modules/protoletariat/default.nix
3d4984b32b4843f66653665e4827edd870fb6d81,fastapi-github-oidc,fastapi-github-oidc,0.3.0,fetchFromGitHub,"fetchFromGitHub {
    owner = ""atopile"";
    repo = ""fastapi-github-oidc"";
    tag = version;
    hash = ""sha256-FS50++Hy9h0RFrSnc4PbXFPh/1OO0JOaFdIZwoXa86A="";
  }",pkgs/development/python-modules/fastapi-github-oidc/default.nix
836c4459434a30ffb08c69ffb03fcfc3be3bfad9,atopile-easyeda2kicad,atopile-easyeda2kicad,0.9.4,fetchFromGitHub,"fetchFromGitHub {
    owner = ""atopile"";
    repo = ""easyeda2kicad.py"";
    tag = ""v${version}"";
    hash = ""sha256-pdP91tWeyQWh9ow02EXA2XIUsaexitX1R/OeyFQJ9vI="";
  }",pkgs/development/python-modules/atopile-easyeda2kicad/default.nix
1d7c5611c502e8181aee2c69e8be16885d42b64d,kicadcliwrapper,kicadcliwrapper,1.0.4,fetchFromGitHub,"fetchFromGitHub {
    owner = ""atopile"";
    repo = ""kicadcliwrapper"";
    tag = ""v${version}"";
    hash = ""sha256-S1Sd3TgLUIT1TcG8WbEgHgUqIcXvzVdvfwrPnpaK7/g="";
  }",pkgs/development/python-modules/kicadcliwrapper/default.nix
6a98a4c5965962ada18850cd1341f6173d3534b7,pyswitchmate,pyswitchmate,0.5.1,fetchFromGitHub,"fetchFromGitHub {
    owner = ""Danielhiversen"";
    repo = ""pySwitchmate"";
    tag = version;
    hash = ""sha256-14rjlIsSFNP2OzuRamAJw9BaA+Z5EuQBEsrD02uQdFk="";
  }",pkgs/development/python-modules/pyswitchmate/default.nix
8115523decfaecb3b692a61f72900a17ff8c159f,powerview,powerview,2025.1.1,fetchFromGitHub,"fetchFromGitHub {
    owner = ""aniqfakhrul"";
    repo = ""powerview.py"";
    tag = version;
    hash = ""sha256-kA7vb3YwUlolEnSJRFi+YZoq4yZsdMG+Snk7zsyOCmQ="";
  }",pkgs/by-name/po/powerview/package.nix
33e841a2fd939da8f3f5699d2a58a346f58ab7ca,pyrecswitch,pyrecswitch,1.0.2,fetchFromGitHub,"fetchFromGitHub {
    owner = ""marcolertora"";
    repo = ""pyrecswitch"";
    tag = version;
    hash = ""sha256-z9dOJ7WgUR2ntU6boUInRyKxSPBSoNWGtE3pOZcFYA0="";
  }",pkgs/development/python-modules/pyrecswitch/default.nix
1fb3026f0aa431a9f268d1b8f60244c493d1adf6,ebusdpy,ebusdpy,0.0.17,fetchPypi,"fetchPypi {
    inherit pname version;
    hash = ""sha256-t6O/fOBrJuDYpCVnkL+hUzyqMoGKFj5UYNoD6ExikNM="";
  }",pkgs/development/python-modules/ebusdpy/default.nix
4cf97d64a1798e3ce7510afab9aee720150e9057,plus-jakarta-sans,plus-jakarta-sans,2.7.1,fetchzip,"fetchzip {
    url = ""https://github.com/tokotype/PlusJakartaSans/releases/download/${finalAttrs.version}/PlusJakartaSans-${finalAttrs.version}.zip"";
    stripRoot = false;
    hash = ""sha256-+ghkQ4/wxou3FB68ceCwBeGrSCaHJhb16MybvN6mCSc="";
  }",pkgs/by-name/pl/plus-jakarta-sans/package.nix
d5206856bbcdb7d44fe450bbdc530a909d5032db,pyitachip2ir,pyitachip2ir,0.0.7,fetchPypi,"fetchPypi {
    inherit pname version;
    hash = ""sha256-T/Q3tZTTwqlaHDR2l2nRLISC4LLrOPZZv14sRxYyqDQ="";
  }",pkgs/development/python-modules/pyitachip2ir/default.nix
49db9c55fb0be705229fb7b3bd0d0bc783b314cb,pypjlink2,pypjlink2,1.2.1,fetchFromGitHub,"fetchFromGitHub {
    owner = ""benoitlouy"";
    repo = ""pypjlink"";
    tag = ""v${version}"";
    hash = ""sha256-0RVI9DX5JaVWntSu5du5SU45NC70TZJyVrvMuVR7grA="";
  }",pkgs/development/python-modules/pypjlink2/default.nix
75cdc4782e0e4e2675ce0c679f0e06197b13f181,thingspeak,thingspeak,1.0.0,fetchFromGitHub,"fetchFromGitHub {
    owner = ""mchwalisz"";
    repo = ""thingspeak"";
    tag = ""v${version}"";
    hash = ""sha256-9YvudzksWp130hkG8WxiX9WHegAVH2TT1vwMbLJ13qE="";
  }",pkgs/development/python-modules/thingspeak/default.nix
bca6ad9edaf269cc06b3657398c59be487719c99,pywmspro,pywmspro,0.3.2,fetchFromGitHub,"fetchFromGitHub {
    owner = ""mback2k"";
    repo = ""pywmspro"";
    tag = version;
    hash = ""sha256-o/+WjdU9+Vh1CnZYF2IsNpK5cubAFvsqANZ4GxrKFHI="";
  }",pkgs/development/python-modules/pywmspro/default.nix
7d055ef5ca085a20c22e0714e95b70761740d409,pypasser,pypasser,0.0.5,fetchFromGitHub,"fetchFromGitHub {
    owner = ""xHossein"";
    repo = ""PyPasser"";
    tag = version;
    hash = ""sha256-vqa+Xap9dYvjJMiGNGNmegh7rmAqwf3//MH47xwr/T0="";
  }",pkgs/development/python-modules/pypasser/default.nix
8dcdc21a24daffa78779b333cdb4b148bec026c1,volvocarsapi,volvocarsapi,0.4.1,fetchFromGitHub,"fetchFromGitHub {
    owner = ""thomasddn"";
    repo = ""volvo-cars-api"";
    tag = ""v${version}"";
    hash = ""sha256-YMrhVxDm8Cp8vbMVtdq6yoaAu8nUB7L2YG+LSkvMdZs="";
  }",pkgs/development/python-modules/volvocarsapi/default.nix
503d1cc7effb6e86af93d0386dd9ace3efa5c299,airos,airos,0.2.4,fetchFromGitHub,"fetchFromGitHub {
    owner = ""CoMPaTech"";
    repo = ""python-airos"";
    tag = ""v${version}"";
    hash = ""sha256-zY0XPucCXiJDo9C4GiDqs/lxQDTphs/mBXBqSYPvkoI="";
  }",pkgs/development/python-modules/airos/default.nix
2cb2aaaf22c1f2148b6555693e4aae79d07750d5,pythonkuma,pythonkuma,0.3.1,fetchFromGitHub,"fetchFromGitHub {
    owner = ""tr4nt0r"";
    repo = ""pythonkuma"";
    tag = ""v${version}"";
    hash = ""sha256-1coD4bDLMWQLvN3zt/++hmut0DLdg7aAKz5HtDhomso="";
  }",pkgs/development/python-modules/pythonkuma/default.nix
b531aec6418c2cf404a91fd87687a3deebc9245f,python-open-router,python-open-router,0.3.1,fetchFromGitHub,"fetchFromGitHub {
    owner = ""joostlek"";
    repo = ""python-open-router"";
    tag = ""v${version}"";
    hash = ""sha256-EoLBlgXKrAo2DKOuLGvN3MbWIJIG+Ehtznegnq3VX44="";
  }",pkgs/development/python-modules/python-open-router/default.nix
8e474f5cd7fec67ee0df51320ef21425883ca74f,aioonkyo,aioonkyo,0.3.0,fetchFromGitHub,"fetchFromGitHub {
    owner = ""arturpragacz"";
    repo = ""aioonkyo"";
    tag = version;
    hash = ""sha256-xGSvwfCwWfWHZTl4+Uf+vgI5JkjeO5affbURqpLsCuk="";
  }",pkgs/development/python-modules/aioonkyo/default.nix
b966b49bdd0952ce3bd2d98b0162132f70eb7485,dbt-protos,dbt-protos,1.0.351,fetchFromGitHub,"fetchFromGitHub {
    owner = ""dbt-labs"";
    repo = ""proto-python-public"";
    tag = ""v${version}"";
    hash = ""sha256-GZwSJAElE/aUS4cCqMlmUJVtm+OACjKakXUxkrpVUyE="";
  }",pkgs/development/python-modules/dbt-protos/default.nix
928d75540aa6d7ec5bf01a7d439d857087b332aa,dependency-groups,dependency-groups,1.3.1,fetchFromGitHub,"fetchFromGitHub {
    owner = ""pypa"";
    repo = ""dependency-groups"";
    tag = version;
    hash = ""sha256-suuSx3zf0Y45FJdH8Cb6N7hcvPnzleREpHhtdiG2CLg="";
  }",pkgs/development/python-modules/dependency-groups/default.nix
16f8c8a04ad981085d69f040105d038eab96e1b1,rfc3987-syntax,rfc3987-syntax,1.1.0,fetchFromGitHub,"fetchFromGitHub {
    owner = ""willynilly"";
    repo = ""rfc3987-syntax"";
    tag = ""v${version}"";
    hash = ""sha256-6jA/x8KnwBvyW2k384/EB/NJ8BmJJTEHA8YUlQP+1Y4="";
  }",pkgs/development/python-modules/rfc3987-syntax/default.nix
4740c096e8172478db36f8bfb95ec0f819de4db0,moehlenhoff-alpha2,moehlenhoff-alpha2,1.4.0,fetchFromGitHub,"fetchFromGitHub {
    owner = ""j-a-n"";
    repo = ""python-moehlenhoff-alpha2"";
    tag = version;
    hash = ""sha256-bvT7kWFPIEQUgUxLGydd2e7SBA7vPV+YAzDqYLE7X+o="";
  }",pkgs/development/python-modules/moehlenhoff-alpha2/default.nix
1cbb00d98693806dc6b46b96adfdd2a23faaaf99,st-pages,st-pages,1.0.1,fetchFromGitHub,"fetchFromGitHub {
    owner = ""blackary"";
    repo = ""st_pages"";
    tag = ""v${version}"";
    hash = ""sha256-sJXgpRiducJVYuyvVvTZthHnIJyIRn+f9Uw/wAMfnm0="";
  }",pkgs/development/python-modules/st-pages/default.nix
c9c9027c71e02013b199fbbd63438077796a56d0,protobuf-language-server,protobuf-language-server,0.1.1,fetchFromGitHub,"fetchFromGitHub {
    owner = ""lasorda"";
    repo = ""protobuf-language-server"";
    tag = ""v${finalAttrs.version}"";
    hash = ""sha256-bDsvByXa2kH3DnvQpAq79XvwFg4gfhtOP2BpqA1LCI0="";
  }",pkgs/by-name/pr/protobuf-language-server/package.nix
ade672d6c77da9e9b2617bd25a9babd7bf74adac,dte,dte,1.11.1,fetchFromGitLab,"fetchFromGitLab {
    owner = ""craigbarnes"";
    repo = ""dte"";
    tag = ""v${finalAttrs.version}"";
    hash = ""sha256-PG9yfRzJKXVKAg8ubIvX2Rj4nLO3dki7shP+zAa7nxo="";
  }",pkgs/by-name/dt/dte/package.nix
903ad7eeeedfd727106ce8871d9c2ebcd0af20ac,synology-srm,synology-srm,0.2.3,fetchFromGitHub,"fetchFromGitHub {
    owner = ""aerialls"";
    repo = ""synology-srm"";
    tag = ""v${version}"";
    hash = ""sha256-qQxctw1UUs3jYve//irBni8rNKeld5u/bVtOwD2ofEQ="";
  }",pkgs/development/python-modules/synology-srm/default.nix
52f6dc3efc4cbf926c58442b48bb440eaf5420da,tomlc17,tomlc17,250712,fetchFromGitHub,"fetchFromGitHub {
    owner = ""cktan"";
    repo = ""tomlc17"";
    tag = ""R${finalAttrs.version}"";
    hash = ""sha256-0if07Zj7Og+DBc/gxmAEHQh7QwAo8C/4S+x9IttEUjI="";
  }",pkgs/by-name/to/tomlc17/package.nix
da72675b7cef25c3aa8fcc19d5511c170029bde8,tilinggallery,tiling-gallery,0.3.0,fetchFromGitHub,"fetchFromGitHub {
    owner = ""roothch"";
    repo = ""TilingGallery"";
    tag = ""v${finalAttrs.version}"";
    hash = ""sha256-k6AHNvizXitrdY/K13B/eVBCvdmfVou7Zv3tslHA4T8="";
  }",pkgs/by-name/ti/tilinggallery/package.nix
e0fd0de587aa7a19d007694d0f2f753f05ac5c81,uvicorn-worker,uvicorn-worker,0.3.0,fetchFromGitHub,"fetchFromGitHub {
    owner = ""Kludex"";
    repo = ""uvicorn-worker"";
    tag = version;
    hash = ""sha256-a5L4H1Bym5Dx9/pGL/Vz6ZO699t/1Wmc1ExIb0t/ISc="";
  }",pkgs/development/python-modules/uvicorn-worker/default.nix
3b24ca134a58aeb1d483b58d7adee7482bc77cfe,honeyfetch,honeyfetch,1.5.0,fetchFromGitLab,"fetchFromGitLab {
    owner = ""ahoneybun"";
    repo = ""honeyfetch"";
    tag = ""v${finalAttrs.version}"";
    hash = ""sha256-lFp7L3tcqZ1jAL7V7tfUJDPKO2WCvMekUx+p12fNlcM="";
  }",pkgs/by-name/ho/honeyfetch/package.nix
7db71df6a3531bc4f2f91b9cbb892166944f13b1,filius,filius,2.9.4,fetchFromGitLab,"fetchFromGitLab {
    owner = ""filius1"";
    repo = pname;
    # they seem to have stopped using the ""v"" prefix since 2.9.3
    tag = version;
    hash = ""sha256-nQyDPLDQe5kFH3PhCmLqAt8kVnitPwX5K3xLnyntF5k="";
  }",pkgs/by-name/fi/filius/package.nix
bb61e94d92597251b35fbebe1446f6d221a8e405,nexusrpc,nexus-rpc,1.1.0,fetchFromGitHub,"fetchFromGitHub {
    owner = ""nexus-rpc"";
    repo = ""sdk-python"";
    rev = ""refs/tags/${version}"";
    hash = ""sha256-CZOCNgYvlQCc/Ws2cEuryyVELS/FiNgLTYHwHp70yhM="";
    fetchSubmodules = true;
  }",pkgs/development/python-modules/nexusrpc/default.nix
7cae352fd664a77e07aecf1cc69f0f88ff7c8074,netpeek,netpeek,0.2.3.1,fetchFromGitHub,"fetchFromGitHub {
    owner = ""ZingyTomato"";
    repo = ""NetPeek"";
    tag = ""v${version}"";
    hash = ""sha256-3PbGK8e/W4pHlXwIvW6kmyeBMvzBIS2DrV0pxafgJOY="";
  }",pkgs/by-name/ne/netpeek/package.nix
bf8fce02ae3b244a16781441855aa6c3351f2b7f,kaiterra-async-client,kaiterra-async-client,1.1.0,fetchPypi,"fetchPypi {
    inherit pname version;
    hash = ""sha256-Wap+yJaIIwPfOUtbVijr85BU3F/JIN2p7nRWW3tsPP8="";
  }",pkgs/development/python-modules/kaiterra-async-client/default.nix
16ae57087a91a72b3312139667a8a601f1b7ec31,oathtool,oathtool,2.4.0,fetchFromGitHub,"fetchFromGitHub {
    owner = ""jaraco"";
    repo = ""oathtool"";
    tag = ""v${version}"";
    hash = ""sha256-Qa4/fVa7Ws8t42MxZpEVKI7Wyux/uN77VP0JBnrmgq0="";
  }",pkgs/development/python-modules/oathtool/default.nix
5b51168e8242dcb2b9f4b257f25548ccef0732ec,speak2mary,speak2mary,1.5.0,fetchPypi,"fetchPypi {
    inherit pname version;
    hash = ""sha256-5W2E/leT/IiXFVXD+LSPE99zGlz+yKm5XCv830rt8O0="";
  }",pkgs/development/python-modules/speak2mary/default.nix
9746a806156421be341fa02165cbd7d0784f1792,hko,hko,0.3.2,fetchPypi,"fetchPypi {
    inherit pname version;
    hash = ""sha256-6FzdaSaw7sX52wM8HbHFGtKdR2JBg3B2cMZnP7RfQzs="";
  }",pkgs/development/python-modules/hko/default.nix
3d0a214d1e9818a952f518154959aec772207000,tcping-rs,tcping-rs,1.2.18,fetchFromGitHub,"fetchFromGitHub {
    owner = ""lvillis"";
    repo = ""tcping-rs"";
    tag = version;
    hash = ""sha256-G9LZ9XlIl/JYji/GgznQnIbnV83qi9kZqCkaZJ0kENI="";
  }",pkgs/by-name/tc/tcping-rs/package.nix
b053278a36133562363fa711e25e1417d11bcfd0,triggercmd,triggercmd,0.0.27,fetchPypi,"fetchPypi {
    inherit pname version;
    hash = ""sha256-4MTRtDo4kD/1Bifw8wx++TZ3K2M4TMVRyvwqGL5cHC8="";
  }",pkgs/development/python-modules/triggercmd/default.nix
ddbe450f4017084e1eb367a62a2788cc8b6500e8,ld-audit-search-mod,ld-audit-search-mod,0-unstable-2025-06-19,fetchFromGitHub,"fetchFromGitHub {
    repo = ""ld-audit-search-mod"";
    owner = ""DDoSolitary"";
    rev = ""261f475f154d0f1f0766d6756af9c714eeeb14ea"";
    hash = ""sha256-c6ub+m4ihIE3gh6yHtLfJIVqm12C46wThrBCqp8SOLE="";
    sparseCheckout = [ ""src"" ];
  }",pkgs/by-name/ld/ld-audit-search-mod/package.nix
c1513a4fd70640aea4ce53fe9b3c99b4bde19990,qdldl,qdldl,0.1.8,fetchFromGitHub,"fetchFromGitHub {
    owner = ""osqp"";
    repo = ""qdldl"";
    tag = ""v${finalAttrs.version}"";
    hash = ""sha256-qCeOs4UjZLuqlbiLgp6BMxvw4niduCPDOOqFt05zi2E="";
  }",pkgs/by-name/qd/qdldl/package.nix
f9983116dd574bcae5a49727540aef36f402c944,gnubik,gnubik,2.4.3,fetchurl,"fetchurl {
    url = ""https://ftp.gnu.org/gnu/gnubik/gnubik-${finalAttrs.version}.tar.gz"";
    hash = ""sha256-Kz7Tb7W6nuyA/Yb5Tqu+hmUG9P4ZSKnXSA8iXIlIju4="";
  }",pkgs/by-name/gn/gnubik/package.nix
aee83dd489158ad8754b7509fd2eba0bb9be4df6,tuatara,tuatara,1631040452-unstable-2025-04-29,fetchFromGitHub,"fetchFromGitHub {
    owner = ""q60"";
    repo = ""tuatara"";
    rev = ""bc093e5fe1cb8dec667806f1b41c8e4e913368e8"";
    hash = ""sha256-GLOb2vqDlcCQ3bPXC50t1j+DJFhl8JK117t7uRLrBbk="";
  }",pkgs/by-name/tu/tuatara/package.nix
84ceb1eb71bb70eca7822682c2305d1fa1912d80,london-tube-status,london-tube-status,0.6.1,fetchFromGitHub,"fetchFromGitHub {
    owner = ""robmarkcole"";
    repo = ""London-tube-status"";
    tag = version;
    hash = ""sha256-bdkGDVWcyJXH21qGrdJnSa4IW2kJskFTJ5ye6M6eOz4="";
  }",pkgs/development/python-modules/london-tube-status/default.nix
40df29bdec83a4bd02e99f33b1a8b780ebfe5e7b,emmylua-check,emmylua_check,0.10.0,fetchFromGitHub,"fetchFromGitHub {
    owner = ""EmmyLuaLs"";
    repo = ""emmylua-analyzer-rust"";
    tag = finalAttrs.version;
    hash = ""sha256-Fvg3G0C/YECDEWZ4mDC5b8qocWvyDJ9KdLYNtwIu0+I="";
  }",pkgs/by-name/em/emmylua-check/package.nix
4161d8709a432b0c1a197974298470945e1daf7d,emmylua-ls,emmylua_ls,0.10.0,fetchFromGitHub,"fetchFromGitHub {
    owner = ""EmmyLuaLs"";
    repo = ""emmylua-analyzer-rust"";
    tag = finalAttrs.version;
    hash = ""sha256-Fvg3G0C/YECDEWZ4mDC5b8qocWvyDJ9KdLYNtwIu0+I="";
  }",pkgs/by-name/em/emmylua-ls/package.nix
0707e2bc3f5ad7aa6d28607fa397042600beab8d,emmylua-doc-cli,emmylua_doc_cli,0.10.0,fetchFromGitHub,"fetchFromGitHub {
    owner = ""EmmyLuaLs"";
    repo = ""emmylua-analyzer-rust"";
    tag = finalAttrs.version;
    hash = ""sha256-Fvg3G0C/YECDEWZ4mDC5b8qocWvyDJ9KdLYNtwIu0+I="";
  }",pkgs/by-name/em/emmylua-doc-cli/package.nix
280275e010e40a7f3bb04503f4fb16d909a38574,xfce4-alsa-plugin,xfce4-alsa-plugin,0.4.0,fetchFromGitHub,"fetchFromGitHub {
    owner = ""equeim"";
    repo = ""xfce4-alsa-plugin"";
    tag = finalAttrs.version;
    hash = ""sha256-95uVHDyXji8dut7qfE5V/uBBt6DPYF/YfudHe7HJcE8="";
  }",pkgs/desktops/xfce/panel-plugins/xfce4-alsa-plugin/default.nix
a980ce7a44444fc018d82c13898df6b32b5f52ca,tinyio,tinyio,0.2.0,fetchFromGitHub,"fetchFromGitHub {
    owner = ""patrick-kidger"";
    repo = ""tinyio"";
    tag = ""v${version}"";
    hash = ""sha256-5Fk+/tT6mkyIosRKTFG5XuFtAM5wy3v0npiJjN47WV8="";
  }",pkgs/development/python-modules/tinyio/default.nix
29dcdca5c303748381f0c73297e59aaa5c37c77b,qtappinstancemanager,qtappinstancemanager,1.3.0,fetchFromGitHub,"fetchFromGitHub {
    owner = ""oclero"";
    repo = ""qtappinstancemanager"";
    tag = ""v${finalAttrs.version}"";
    hash = ""sha256-/zvNR/RHNV19ZI8d+58sotWxY16q2a7wWIBuKO52H5M="";
  }",pkgs/by-name/qt/qtappinstancemanager/package.nix
7468c655858432ce08726b33808148403cd343ad,hail,hail,0.2.2,fetchFromGitea,"fetchFromGitea {
    domain = ""codeberg.org"";
    owner = ""periwinkle"";
    repo = ""hail"";
    tag = finalAttrs.version;
    hash = ""sha256-LJodAS24x/dBNyrUxT9F0FHnu4s+Cb+CCtoe7nPM66w="";
  }",pkgs/by-name/ha/hail/package.nix
f3c54e43babe6577640873769acbc0b236581a0d,c99sh,c99sh,1.1.1,fetchFromGitHub,"fetchFromGitHub {
    owner = ""RhysU"";
    repo = ""c99sh"";
    tag = ""v${finalAttrs.version}"";
    hash = ""sha256-nLq6J1PRROTOSvScyyXUqwtj10MEfQCHC8YYNd+JxkA="";
  }",pkgs/by-name/c9/c99sh/package.nix
eaa197d9eb71229287e4628f497fb9e0ee783bbc,nucleus,nucleus,1,fetchFromGitea,"fetchFromGitea {
    domain = ""codeberg.org"";
    owner = ""lo-vely"";
    repo = ""nucleus"";
    tag = ""v${version}"";
    hash = ""sha256-8y3sbtfq4hZuEwReduIkud91SOj9XrURrZRUs2M74mQ="";
  }",pkgs/by-name/nu/nucleus/package.nix
9d094a5f85170524c98343841363f028d1e5171f,abseil-cpp_202505,abseil-cpp,20250512.1,fetchFromGitHub,"fetchFromGitHub {
    owner = ""abseil"";
    repo = ""abseil-cpp"";
    tag = finalAttrs.version;
    hash = ""sha256-eB7OqTO9Vwts9nYQ/Mdq0Ds4T1KgmmpYdzU09VPWOhk="";
  }",pkgs/by-name/ab/abseil-cpp_202505/package.nix
5b96e5ccd424e0b39f7c7079fd7fe5a09ccc3c31,rego-query,rego-query,0.0.14,fetchFromSourcehut,"fetchFromSourcehut {
    owner = ""~charles"";
    repo = ""rq"";
    tag = ""v${finalAttrs.version}"";
    hash = ""sha256-SZnbjPiXW6mw3abyL2475sNq3s5Jw12D9ZqbLfvaHN8="";
  }",pkgs/by-name/re/rego-query/package.nix
0162d1179e0205a17fd7bd70772c76500b537e7b,ip2asn,ip2asn,0.1.2,fetchFromGitHub,"fetchFromGitHub {
    owner = ""x123"";
    repo = ""ip2asn"";
    tag = finalAttrs.version;
    hash = ""sha256-2wuxBwllrkPdmmBCt7DPQ38E2k3igAjbICun51bhopY="";
  }",pkgs/by-name/ip/ip2asn/package.nix
e8f1900e2a62079abbb86145716a9828b9cdafed,otr,otr,2.1.0,fetchFromGitHub,"fetchFromGitHub {
    owner = ""AGProjects"";
    repo = ""python3-otr"";
    tag = version;
    hash = ""sha256-jCyPEdWDEW1x0Id//yM67SvKvYpdyIfPmcCWiRgwvb0="";
  }",pkgs/development/python-modules/otr/default.nix
2d600db3aff6e40da585a14bdc7043ad2d73223e,fosrl-olm,olm,1.0.0,fetchFromGitHub,"fetchFromGitHub {
    owner = ""fosrl"";
    repo = ""olm"";
    tag = version;
    hash = ""sha256-a0gkEo5EuJpHpZ5fKAPBXSTRvZaQo6KOJu4Abi1EztU="";
  }",pkgs/by-name/fo/fosrl-olm/package.nix
f2af4a5483f3709956bd12909de86753b981469d,tattoy,tattoy,0.1.8,fetchFromGitHub,"fetchFromGitHub {
    owner = ""tattoy-org"";
    repo = ""tattoy"";
    tag = ""tattoy-v${attrs.version}"";
    hash = ""sha256-44rXygZVbwwC/jOB69iHydsjYr/WeVU4Eky3BPqJzyc="";
  }",pkgs/by-name/ta/tattoy/package.nix
26bde9126b414cfc30db9fe666e6336d648f4b7e,mdwatch,mdwatch,0.1.11,fetchFromGitHub,"fetchFromGitHub {
    owner = ""santoshxshrestha"";
    repo = ""mdwatch"";
    tag = ""v${finalAttrs.version}"";
    hash = ""sha256-v+QsSPknUAFk+GC8D0wtA8VTcCWeb8DX6inL6WNl8gQ="";
  }",pkgs/by-name/md/mdwatch/package.nix
f3245b67d085b83a796c5c107dfa500b48906ac1,wahay,wahay,0.2,fetchFromGitHub,"fetchFromGitHub {
    owner = ""digitalautonomy"";
    repo = ""wahay"";
    tag = ""v${finalAttrs.version}"";
    hash = ""sha256-59gVGDElIs+OQ/ELwOFjz6YqG18iHqoa2yYF2Ddi0/o="";
  }",pkgs/by-name/wa/wahay/package.nix
b47ee350af73c7a1c6148eca78973446bdc3f9ec,rendercv-fonts,rendercv-fonts,0.4.0,fetchFromGitHub,"fetchFromGitHub {
    owner = ""rendercv"";
    repo = ""rendercv-fonts"";
    tag = ""v${version}"";
    hash = ""sha256-fQ9iNN3hRCrhut+1F6q3dJEWoKUQyPol0/SyTPUPK1c="";
  }",pkgs/development/python-modules/rendercv-fonts/default.nix
a271356a4a7bcace91927e7e9744d3f24d5c2297,contact,contact,1.3.16,fetchFromGitHub,"fetchFromGitHub {
    owner = ""pdxlocations"";
    repo = ""contact"";
    tag = version;
    hash = ""sha256-buT3c8mcDgzUF9FP/nkvSijaqnyQgD87vQGU73qn3K4="";
  }",pkgs/by-name/co/contact/package.nix
2d696e88de69ae02638358bd0d16ec1fececb160,ds-analysis-lib,ds-analysis-lib,6.0.0b3,fetchPypi,"fetchPypi {
    inherit version;
    pname = ""ds_analysis_lib"";
    hash = ""sha256-XZZzAxQJk65Xoq6z2OadlHUN0REYTjKmSvwz17tvVqc="";
  }",pkgs/development/python-modules/ds-analysis-lib/default.nix
809f7dd59eec2454057c83e42a69fe754fb295dd,ds-reporting-lib,ds-reporting-lib,6.0.0b3,fetchPypi,"fetchPypi {
    inherit version;
    pname = ""ds_reporting_lib"";
    hash = ""sha256-0C/UgAM7VIWEjuRq1ZCTL5CjJ6OK+0/Yw+AN4j7jj6E="";
  }",pkgs/development/python-modules/ds-reporting-lib/default.nix
fbc0d2857bc44a00351bb22bea91efab99137b04,ds-xbom-lib,ds-xbom-lib,6.0.0b3,fetchPypi,"fetchPypi {
    inherit version;
    pname = ""ds_xbom_lib"";
    hash = ""sha256-/L0AFAuIDzbyXwpg0bigy2AR4GT0RSdXrjPAEbEO7cI="";
  }",pkgs/development/python-modules/ds-xbom-lib/default.nix
ce831d3f936811870e09bb0cc824fae31d31bdda,yourdfpy,yourdfpy,0.0.58,fetchFromGitHub,"fetchFromGitHub {
    owner = ""clemense"";
    repo = ""yourdfpy"";
    tag = ""v${version}"";
    hash = ""sha256-Wi4QcgTOf/1nXWssFtlyRxql8Jg1nNKjEGkWuP+w73g="";
  }",pkgs/development/python-modules/yourdfpy/default.nix
9af1f69529dec2c6f9774f02a2f50662808591e3,ting,ting,0.1.0,fetchFromGitHub,"fetchFromGitHub {
    owner = ""dhth"";
    repo = ""ting"";
    tag = ""v${finalAttrs.version}"";
    hash = ""sha256-k6TJ9/YtsjNNYPj8YUGCfaQaVwXHoUQG4muOvrkN34A="";
  }",pkgs/by-name/ti/ting/package.nix
